Date,NumberGroceryShop,NumberGroceryOnline,NumberNongroceryShop,NumberNongroceryOnline,PriceGroceryShop,PriceGroceryOnline,PriceNongroceryShop,PriceNongroceryOnline
2021-01-01,37313.0,3171.0,18591.0,4029.0,4.51,4.57,7.68,7.7
2021-01-02,36356.0,3720.0,16865.0,4339.0,4.64,4.73,7.78,7.61
2021-01-03,38696.0,4024.0,18885.0,3258.0,4.59,4.75,7.74,7.4
2021-01-04,31445.0,3969.0,18665.0,4885.0,4.44,4.8,7.45,7.82
2021-01-05,27718.0,1953.0,17347.0,5845.0,4.68,4.72,7.64,7.49
2021-01-06,27942.0,2951.0,18948.0,4304.0,4.6,4.63,7.92,7.71
2021-01-07,32614.0,3067.0,17317.0,3338.0,4.56,4.59,7.6,7.54
2021-01-08,35692.0,4141.0,17797.0,5216.0,4.62,4.61,7.97,7.8
2021-01-09,36234.0,3030.0,16847.0,3910.0,4.66,4.52,8.07,7.61
2021-01-10,34475.0,1967.0,17371.0,4955.0,4.63,4.63,7.38,7.62
2021-01-11,29884.0,3457.0,17828.0,3063.0,4.54,4.71,7.74,7.47
2021-01-12,27808.0,2853.0,18890.0,5545.0,4.48,4.76,7.97,7.73
2021-01-13,29091.0,3899.0,16736.0,2775.0,4.63,4.61,7.75,7.65
2021-01-14,34289.0,2790.0,19654.0,4890.0,4.55,4.78,7.69,7.72
2021-01-15,35628.0,4063.0,16661.0,5125.0,4.6,4.75,7.61,7.62
2021-01-16,37271.0,3149.0,19114.0,3982.0,4.7,4.68,7.74,7.71
2021-01-17,36523.0,2842.0,16856.0,3079.0,4.55,4.68,7.57,7.55
2021-01-18,30751.0,4226.0,17903.0,6243.0,4.55,4.75,7.73,7.42
2021-01-19,27130.0,2099.0,18279.0,4056.0,4.51,4.68,7.54,7.39
2021-01-20,24458.0,2564.0,18261.0,5115.0,4.51,4.65,7.61,7.75
2021-01-21,31001.0,2797.0,16429.0,3722.0,4.58,4.77,7.73,7.43
2021-01-22,36628.0,3813.0,16837.0,5638.0,4.61,4.72,7.43,7.31
2021-01-23,37723.0,3412.0,17454.0,3034.0,4.65,4.6,7.81,7.8
2021-01-24,36064.0,4166.0,17709.0,4380.0,4.6,4.99,7.77,7.63
2021-01-25,28685.0,2325.0,17339.0,3582.0,4.61,4.69,7.82,7.71
2021-01-26,25950.0,4155.0,19241.0,4991.0,4.74,4.62,7.38,7.69
2021-01-27,29483.0,3907.0,17146.0,4987.0,4.41,4.65,7.63,7.4
2021-01-28,31865.0,2653.0,17837.0,3901.0,4.61,4.73,7.72,7.47
2021-01-29,32872.0,3365.0,18027.0,5358.0,4.62,4.77,7.44,7.91
2021-01-30,37078.0,4305.0,17154.0,3412.0,4.79,4.71,7.54,7.53
2021-01-31,34058.0,3715.0,18415.0,3983.0,4.59,4.67,7.7,7.76
2021-02-01,31564.0,2843.0,16878.0,2860.0,4.6,4.71,7.46,7.78
2021-02-02,26445.0,2793.0,17560.0,4719.0,4.51,4.71,7.88,7.65
2021-02-03,26628.0,2516.0,19002.0,3934.0,4.62,4.7,8.03,7.61
2021-02-04,29653.0,2924.0,17776.0,4482.0,4.48,4.67,7.51,7.62
2021-02-05,35062.0,3952.0,17208.0,4754.0,4.81,4.69,7.56,7.75
2021-02-06,37456.0,3540.0,18168.0,2937.0,4.49,4.73,7.87,7.39
2021-02-07,35421.0,3615.0,17733.0,4002.0,4.72,4.82,7.65,7.51
2021-02-08,31095.0,3771.0,17900.0,5417.0,4.66,4.68,7.81,7.6
2021-02-09,26571.0,2868.0,17159.0,4976.0,4.62,4.88,7.63,7.61
2021-02-10,25427.0,3101.0,19158.0,3854.0,4.53,4.64,7.54,7.77
2021-02-11,32817.0,3141.0,17755.0,4936.0,4.67,4.71,7.49,7.75
2021-02-12,35382.0,3024.0,17394.0,4590.0,4.84,4.88,7.8,7.56
2021-02-13,38266.0,4056.0,16425.0,4956.0,4.66,4.8,7.89,7.47
2021-02-14,33955.0,4560.0,18518.0,4412.0,4.72,4.67,7.56,7.43
2021-02-15,33216.0,3444.0,18634.0,4078.0,4.57,4.72,7.68,7.54
2021-02-16,25183.0,2605.0,18447.0,3279.0,4.66,4.84,7.57,7.83
2021-02-17,30676.0,3055.0,15474.0,3747.0,4.7,4.7,7.39,7.59
2021-02-18,33231.0,3390.0,18565.0,5027.0,4.65,4.73,7.8,7.49
2021-02-19,35469.0,3647.0,17916.0,3341.0,4.63,4.67,7.86,7.71
2021-02-20,38177.0,4168.0,18680.0,4179.0,4.7,4.93,7.88,7.48
2021-02-21,35676.0,3437.0,18912.0,3444.0,4.64,4.84,8.04,7.49
2021-02-22,31607.0,1975.0,16790.0,3850.0,4.6,4.71,7.72,7.51
2021-02-23,24287.0,1982.0,16746.0,2910.0,4.57,4.76,7.83,8.02
2021-02-24,27632.0,2227.0,19069.0,3874.0,4.57,4.64,7.68,7.63
2021-02-25,30689.0,2703.0,18283.0,4662.0,4.74,4.66,7.54,7.58
2021-02-26,35062.0,4414.0,18560.0,4718.0,4.6,4.72,7.74,7.43
2021-02-27,35839.0,4432.0,17416.0,5706.0,4.71,4.76,7.74,7.55
2021-02-28,36378.0,4041.0,18491.0,4488.0,4.65,4.8,7.65,7.64
2021-03-01,30662.0,3233.0,16766.0,2955.0,4.59,4.85,7.7,7.39
2021-03-02,28316.0,2711.0,18217.0,3961.0,4.42,4.89,7.63,7.35
2021-03-03,27822.0,3524.0,18078.0,3269.0,4.51,4.82,7.68,7.55
2021-03-04,29327.0,4130.0,20302.0,3772.0,4.63,4.8,7.88,7.68
2021-03-05,36070.0,4284.0,17540.0,4835.0,4.53,4.83,7.87,7.93
2021-03-06,37418.0,3817.0,17315.0,5572.0,4.7,4.66,7.91,7.76
2021-03-07,34304.0,3822.0,18927.0,4741.0,4.8,4.87,7.83,7.44
2021-03-08,36339.0,3806.0,19281.0,4352.0,4.47,4.68,7.93,7.51
2021-03-09,30289.0,4728.0,17175.0,3475.0,4.58,4.62,7.75,7.75
2021-03-10,30137.0,3405.0,19392.0,4058.0,4.54,4.86,7.84,7.57
2021-03-11,28414.0,3058.0,17147.0,4187.0,4.58,4.75,7.84,7.75
2021-03-12,33166.0,3756.0,17954.0,5016.0,4.54,4.83,7.58,7.49
2021-03-13,36774.0,4028.0,18471.0,3993.0,4.49,4.87,7.92,7.26
2021-03-14,34454.0,2629.0,18815.0,2074.0,4.61,4.61,7.5,7.58
2021-03-15,31889.0,3304.0,17635.0,4581.0,4.69,4.72,7.85,7.79
2021-03-16,23137.0,2982.0,17824.0,4615.0,4.59,4.67,7.82,7.51
2021-03-17,28228.0,3330.0,19709.0,3873.0,4.54,4.68,7.62,7.59
2021-03-18,31073.0,4552.0,17799.0,3727.0,4.65,4.77,7.66,7.46
2021-03-19,37563.0,4405.0,16667.0,5603.0,4.72,4.69,7.69,7.6
2021-03-20,42561.0,3171.0,19970.0,5321.0,4.6,4.63,7.58,7.7
2021-03-21,39116.0,4577.0,17638.0,4997.0,4.75,4.59,7.83,7.56
2021-03-22,31312.0,3427.0,17595.0,3253.0,4.62,4.84,7.5,7.67
2021-03-23,34078.0,3347.0,18539.0,5036.0,4.64,4.75,7.74,7.76
2021-03-24,30260.0,3967.0,19842.0,3579.0,4.53,4.92,7.77,8.0
2021-03-25,35133.0,3857.0,19138.0,4437.0,4.58,4.89,7.86,7.69
2021-03-26,43125.0,4763.0,18907.0,4977.0,4.56,4.76,7.84,7.6
2021-03-27,44092.0,4597.0,20289.0,3493.0,5.08,4.86,7.71,7.68
2021-03-28,39831.0,4386.0,19946.0,3678.0,4.8,4.81,7.86,7.76
2021-03-29,40182.0,5421.0,20485.0,5506.0,4.52,4.66,8.12,7.59
2021-03-30,36894.0,4202.0,18951.0,3692.0,4.63,4.91,7.77,7.61
2021-03-31,41290.0,4124.0,19448.0,5912.0,4.84,4.79,7.93,7.95
2021-04-01,42722.0,3910.0,21891.0,4173.0,4.73,4.61,7.79,7.85
2021-04-02,51174.0,6077.0,19957.0,4944.0,4.75,4.82,7.84,7.64
2021-04-03,56102.0,5623.0,22740.0,4301.0,4.85,4.74,8.15,8.09
2021-04-04,59979.0,5703.0,25450.0,5500.0,4.96,4.86,8.22,8.15
2021-04-05,33386.0,4338.0,17203.0,3804.0,4.55,4.7,8.03,7.55
2021-04-06,27363.0,2734.0,17292.0,3686.0,4.62,4.87,7.98,7.58
2021-04-07,25760.0,2703.0,16892.0,3111.0,4.74,4.64,7.49,7.67
2021-04-08,32912.0,2277.0,16990.0,4283.0,4.69,4.52,7.46,7.58
2021-04-09,36954.0,2719.0,17324.0,4727.0,4.7,4.86,7.85,7.5
2021-04-10,37521.0,3253.0,17587.0,5031.0,4.65,4.81,7.66,7.65
2021-04-11,37932.0,3187.0,17890.0,5476.0,4.77,4.63,7.7,7.53
2021-04-12,31049.0,2882.0,19102.0,3415.0,4.59,4.98,7.7,7.49
2021-04-13,29562.0,2798.0,17226.0,4046.0,4.68,4.64,7.28,7.59
2021-04-14,26876.0,3516.0,19477.0,3079.0,4.64,4.67,7.71,7.63
2021-04-15,30950.0,3506.0,18813.0,5265.0,4.76,4.79,7.31,7.81
2021-04-16,34464.0,3232.0,18294.0,3208.0,4.68,4.77,7.8,7.62
2021-04-17,35512.0,4206.0,17144.0,5552.0,4.61,4.82,7.85,7.84
2021-04-18,36144.0,4068.0,15609.0,4584.0,4.75,4.86,7.76,7.69
2021-04-19,32862.0,4594.0,18229.0,5257.0,4.64,4.83,8.04,7.47
2021-04-20,26542.0,2897.0,18219.0,3610.0,4.7,4.77,7.72,7.72
2021-04-21,27564.0,1794.0,17914.0,4554.0,4.62,4.54,7.84,7.6
2021-04-22,29184.0,4459.0,17786.0,4651.0,4.57,4.88,7.62,7.61
2021-04-23,36817.0,3076.0,16992.0,4022.0,4.75,4.64,7.63,7.67
2021-04-24,39435.0,3882.0,18029.0,4803.0,4.7,4.91,7.56,7.51
2021-04-25,34842.0,4380.0,17264.0,3422.0,4.85,4.64,7.85,7.69
2021-04-26,28628.0,3015.0,16978.0,4070.0,4.67,4.81,7.79,7.47
2021-04-27,26333.0,3398.0,16682.0,5107.0,4.6,4.63,7.6,7.78
2021-04-28,27565.0,2325.0,18491.0,5428.0,4.77,4.84,7.63,7.57
2021-04-29,29634.0,3547.0,17175.0,3159.0,4.76,4.8,7.67,7.69
2021-04-30,33981.0,3715.0,17650.0,4249.0,4.6,4.87,7.38,7.73
2021-05-01,38867.0,2982.0,18984.0,4222.0,4.71,4.81,7.85,7.5
2021-05-02,35508.0,3688.0,17508.0,2752.0,4.64,4.62,7.85,7.68
2021-05-03,29244.0,3570.0,18166.0,4645.0,4.71,4.78,7.85,7.2
2021-05-04,24781.0,2403.0,18388.0,5066.0,4.67,4.77,7.81,7.65
2021-05-05,26692.0,1974.0,16909.0,2496.0,4.64,4.8,7.83,7.52
2021-05-06,30918.0,1981.0,18937.0,4324.0,4.75,4.79,7.63,7.56
2021-05-07,34863.0,4169.0,18943.0,4233.0,4.69,4.95,7.69,7.71
2021-05-08,38999.0,4086.0,17963.0,3780.0,4.5,4.82,7.76,7.79
2021-05-09,33982.0,4053.0,17968.0,5721.0,4.66,4.93,7.71,7.29
2021-05-10,29980.0,3108.0,19208.0,3596.0,4.55,4.57,7.61,7.72
2021-05-11,27416.0,3052.0,17639.0,4489.0,4.48,4.82,7.77,7.48
2021-05-12,30686.0,2443.0,17934.0,3920.0,4.72,4.81,7.76,7.53
2021-05-13,28188.0,3359.0,17914.0,5301.0,4.47,4.63,7.9,7.46
2021-05-14,31984.0,3025.0,17971.0,4073.0,4.69,4.69,7.46,7.61
2021-05-15,35218.0,3868.0,18394.0,5265.0,4.61,4.67,7.87,7.74
2021-05-16,35565.0,3774.0,17765.0,4701.0,4.57,4.83,7.73,8.01
2021-05-17,30147.0,2462.0,17220.0,2546.0,4.56,4.67,7.74,7.63
2021-05-18,26331.0,2775.0,17789.0,4441.0,4.88,4.83,7.83,7.5
2021-05-19,29295.0,3040.0,17804.0,4179.0,4.69,4.73,7.69,7.76
2021-05-20,32320.0,3608.0,17660.0,3649.0,4.7,4.84,7.97,7.7
2021-05-21,35655.0,3591.0,18297.0,5936.0,4.76,4.47,7.8,7.71
2021-05-22,40074.0,3649.0,17304.0,4404.0,4.59,4.65,7.84,7.47
2021-05-23,34709.0,2688.0,16901.0,4897.0,4.59,4.69,7.61,7.68
2021-05-24,30013.0,3626.0,17823.0,4057.0,4.58,4.75,7.53,7.39
2021-05-25,26442.0,3351.0,18930.0,5060.0,4.62,4.78,7.77,7.76
2021-05-26,25008.0,2496.0,18452.0,3326.0,4.67,4.58,7.64,7.67
2021-05-27,29249.0,4562.0,18788.0,5041.0,4.59,4.85,7.71,7.43
2021-05-28,37140.0,3648.0,16355.0,4091.0,4.65,4.8,7.82,7.47
2021-05-29,36579.0,3739.0,18705.0,4228.0,4.69,4.81,7.73,7.77
2021-05-30,36780.0,3718.0,18429.0,4739.0,4.67,4.9,7.67,7.9
2021-05-31,31970.0,3428.0,18978.0,3847.0,4.7,4.91,7.58,7.79
2021-06-01,27534.0,2268.0,18640.0,3531.0,4.78,4.69,7.41,7.8
2021-06-02,28376.0,2379.0,17706.0,5126.0,4.73,4.65,7.65,7.63
2021-06-03,32785.0,3740.0,16493.0,3267.0,4.77,4.81,7.64,7.69
2021-06-04,34705.0,3192.0,17951.0,4202.0,4.74,4.83,7.95,7.37
2021-06-05,36668.0,2560.0,17835.0,3151.0,4.63,4.8,7.83,7.47
2021-06-06,35900.0,3159.0,18695.0,3955.0,4.82,4.67,7.81,7.5
2021-06-07,32689.0,2543.0,18211.0,4044.0,4.71,4.73,7.74,7.73
2021-06-08,28525.0,3326.0,17926.0,3630.0,4.82,4.78,7.99,7.59
2021-06-09,26223.0,2572.0,17551.0,4203.0,4.66,4.82,7.65,7.67
2021-06-10,30581.0,4201.0,17831.0,4117.0,4.57,4.79,7.66,7.6
2021-06-11,35650.0,3958.0,17846.0,3404.0,4.61,4.77,7.83,7.85
2021-06-12,34884.0,4011.0,18032.0,3866.0,4.75,4.75,7.72,7.82
2021-06-13,35975.0,2676.0,18611.0,4585.0,4.67,4.93,7.94,7.78
2021-06-14,27773.0,4547.0,18638.0,5290.0,4.86,4.8,7.82,7.91
2021-06-15,28875.0,4465.0,17940.0,1909.0,4.58,4.56,8.06,7.53
2021-06-16,26870.0,2964.0,14044.0,3599.0,4.54,4.81,7.64,7.59
2021-06-17,33339.0,3630.0,19868.0,4781.0,4.59,4.67,7.74,7.77
2021-06-18,36554.0,3211.0,17548.0,3669.0,4.46,4.71,7.71,7.73
2021-06-19,33280.0,3658.0,19359.0,5045.0,4.6,4.8,7.91,7.64
2021-06-20,32857.0,3403.0,18865.0,4628.0,4.75,4.81,7.57,7.73
2021-06-21,32355.0,3483.0,18094.0,4698.0,4.63,4.74,7.78,7.94
2021-06-22,26002.0,3780.0,18278.0,5026.0,4.81,4.87,7.98,7.71
2021-06-23,25553.0,4000.0,20007.0,4750.0,4.54,4.72,7.78,7.71
2021-06-24,30778.0,3110.0,18147.0,3428.0,4.71,4.77,7.93,7.66
2021-06-25,38152.0,3961.0,16676.0,4434.0,4.68,4.86,8.05,7.5
2021-06-26,35521.0,2404.0,18203.0,3400.0,4.74,4.71,7.87,7.77
2021-06-27,37699.0,3771.0,18577.0,4159.0,4.67,4.66,7.61,7.74
2021-06-28,28704.0,2736.0,19906.0,4150.0,4.63,4.71,7.91,7.57
2021-06-29,26836.0,2709.0,18170.0,4058.0,4.58,4.73,7.76,7.74
2021-06-30,25482.0,2950.0,18298.0,5092.0,4.66,4.85,7.49,7.92
2021-07-01,35711.0,3610.0,18186.0,2790.0,4.65,4.77,7.57,7.58
2021-07-02,37261.0,3250.0,18070.0,2761.0,4.72,4.95,7.93,7.73
2021-07-03,38648.0,1926.0,19386.0,4999.0,4.93,4.87,8.01,7.78
2021-07-04,35408.0,3977.0,18246.0,4286.0,4.73,4.79,8.1,7.95
2021-07-05,30038.0,2848.0,18627.0,4764.0,4.71,4.86,7.78,7.67
2021-07-06,31714.0,4175.0,19181.0,3312.0,4.67,4.79,7.74,7.77
2021-07-07,30449.0,2743.0,19665.0,4825.0,4.79,5.06,8.05,7.77
2021-07-08,34912.0,4002.0,19372.0,5300.0,4.71,4.73,7.65,7.67
2021-07-09,35969.0,3580.0,19089.0,4635.0,4.69,4.77,8.0,7.76
2021-07-10,40677.0,3962.0,21345.0,4550.0,4.69,4.84,7.87,7.64
2021-07-11,40293.0,4252.0,19381.0,6002.0,4.88,4.8,7.8,7.58
2021-07-12,32971.0,5228.0,19288.0,4485.0,4.82,4.66,8.06,7.84
2021-07-13,29167.0,3461.0,20528.0,4409.0,4.92,4.8,7.7,7.96
2021-07-14,31153.0,2915.0,19851.0,4090.0,4.62,4.68,7.58,7.59
2021-07-15,34434.0,3997.0,20323.0,4958.0,4.81,4.83,7.65,7.89
2021-07-16,39267.0,3946.0,19450.0,5016.0,4.84,4.77,7.97,7.84
2021-07-17,41690.0,5294.0,20258.0,4946.0,4.75,4.77,7.82,7.86
2021-07-18,38346.0,4152.0,20439.0,3668.0,4.65,4.77,7.86,8.01
2021-07-19,35036.0,4616.0,21161.0,3971.0,4.81,4.95,7.96,7.8
2021-07-20,35326.0,3697.0,19641.0,3572.0,4.78,4.73,8.05,7.76
2021-07-21,33066.0,2679.0,21086.0,4048.0,4.77,4.69,7.94,7.81
2021-07-22,34224.0,4138.0,21365.0,4410.0,4.58,4.81,7.9,7.8
2021-07-23,41494.0,3369.0,20647.0,4573.0,4.69,4.82,7.69,7.86
2021-07-24,45010.0,5061.0,21566.0,6277.0,4.82,5.01,8.14,7.9
2021-07-25,43285.0,3906.0,21188.0,3704.0,4.93,4.99,8.11,7.97
2021-07-26,38346.0,3925.0,20730.0,4939.0,4.84,4.75,7.97,7.91
2021-07-27,35715.0,3333.0,21924.0,4183.0,4.77,4.67,8.09,8.12
2021-07-28,35966.0,3000.0,21861.0,6116.0,4.78,4.82,8.21,8.16
2021-07-29,38092.0,4648.0,22241.0,5969.0,4.57,4.92,8.2,8.04
2021-07-30,41795.0,4162.0,21385.0,4048.0,4.76,4.76,8.04,7.38
2021-07-31,46420.0,5041.0,22867.0,4960.0,4.69,4.63,7.86,7.77
2021-08-01,46115.0,3987.0,22600.0,5779.0,4.61,4.79,7.77,7.75
2021-08-02,36165.0,2688.0,21702.0,4648.0,4.63,4.8,7.72,7.99
2021-08-03,37338.0,3780.0,23893.0,4759.0,4.83,4.88,7.97,7.94
2021-08-04,35546.0,3944.0,23118.0,6188.0,4.76,4.85,7.93,7.95
2021-08-05,43710.0,4326.0,20977.0,5555.0,4.9,4.75,8.08,8.11
2021-08-06,45022.0,4335.0,24912.0,6491.0,4.84,4.77,8.13,7.83
2021-08-07,46746.0,5458.0,24039.0,5041.0,4.95,4.93,8.07,7.81
2021-08-08,46865.0,5496.0,23840.0,4624.0,4.85,4.93,8.06,8.07
2021-08-09,37759.0,4200.0,23426.0,5337.0,4.63,4.86,8.27,7.72
2021-08-10,36828.0,3393.0,22902.0,4725.0,4.7,4.91,8.25,8.26
2021-08-11,37282.0,4616.0,23604.0,6061.0,4.75,4.92,8.2,7.85
2021-08-12,43099.0,3875.0,23942.0,6108.0,4.69,4.86,7.82,7.93
2021-08-13,46574.0,4378.0,23204.0,5012.0,4.78,4.86,7.98,8.08
2021-08-14,47384.0,5244.0,21612.0,4816.0,4.73,4.84,8.32,8.2
2021-08-15,46006.0,5107.0,23196.0,3847.0,4.68,4.89,8.2,7.89
2021-08-16,40875.0,4844.0,22072.0,5507.0,4.64,4.81,8.04,7.81
2021-08-17,36962.0,5084.0,22829.0,4279.0,4.94,4.76,8.11,8.09
2021-08-18,37706.0,4305.0,22229.0,3427.0,4.89,4.93,8.3,8.01
2021-08-19,40652.0,4772.0,23462.0,4294.0,4.56,4.76,8.05,7.82
2021-08-20,46011.0,4244.0,24145.0,5716.0,4.59,4.9,8.19,7.66
2021-08-21,46926.0,4975.0,23783.0,5090.0,4.84,4.92,8.01,7.76
2021-08-22,44071.0,4692.0,23338.0,5844.0,4.83,4.67,8.13,7.71
2021-08-23,37926.0,3954.0,22520.0,5051.0,4.93,4.8,7.81,7.94
2021-08-24,33855.0,3991.0,22620.0,4986.0,4.66,4.84,8.15,7.89
2021-08-25,35012.0,3997.0,21837.0,4577.0,4.88,4.83,8.06,7.85
2021-08-26,36523.0,4728.0,21897.0,5119.0,4.85,4.84,7.74,7.99
2021-08-27,40757.0,4554.0,21553.0,5734.0,4.81,4.9,7.89,7.85
2021-08-28,42942.0,4686.0,21170.0,5233.0,4.76,4.94,8.06,7.78
2021-08-29,42688.0,4536.0,19777.0,4243.0,4.83,4.77,7.96,7.96
2021-08-30,35694.0,3202.0,20399.0,5734.0,4.7,4.97,7.8,7.69
2021-08-31,35755.0,3721.0,22193.0,4267.0,4.72,4.78,8.13,7.71
2021-09-01,34357.0,4252.0,21526.0,5404.0,4.68,4.85,8.16,7.62
2021-09-02,33211.0,4463.0,20535.0,3564.0,4.87,4.96,7.79,7.91
2021-09-03,39231.0,4092.0,21222.0,4754.0,4.83,5.02,8.31,7.91
2021-09-04,42638.0,4483.0,21166.0,4074.0,4.81,4.78,8.41,8.09
2021-09-05,38771.0,3965.0,19497.0,4651.0,4.65,4.8,8.09,7.88
2021-09-06,33962.0,2931.0,19336.0,4453.0,4.65,4.76,8.19,7.69
2021-09-07,30166.0,4368.0,19366.0,3205.0,4.85,4.76,8.15,7.68
2021-09-08,28714.0,3008.0,19061.0,4015.0,4.56,4.8,7.79,7.8
2021-09-09,35686.0,3798.0,20057.0,6075.0,4.67,4.67,8.03,8.0
2021-09-10,38734.0,3971.0,18363.0,4458.0,4.7,4.75,7.79,7.72
2021-09-11,40114.0,4232.0,18787.0,3930.0,4.78,4.81,8.05,8.0
2021-09-12,40775.0,2635.0,18811.0,4209.0,4.96,4.69,7.7,7.58
2021-09-13,31601.0,4028.0,17890.0,3729.0,4.82,4.82,8.06,7.85
2021-09-14,27804.0,3605.0,18549.0,4717.0,4.83,4.85,8.21,7.71
2021-09-15,30701.0,4153.0,20568.0,5095.0,4.79,4.79,8.05,7.66
2021-09-16,35031.0,4065.0,19436.0,3801.0,4.78,4.88,7.84,7.51
2021-09-17,34292.0,4243.0,20100.0,5005.0,4.82,4.91,7.64,7.46
2021-09-18,36303.0,3970.0,18595.0,4331.0,4.66,4.93,7.85,7.61
2021-09-19,35354.0,3935.0,17493.0,3487.0,4.7,4.84,8.1,7.78
2021-09-20,31818.0,3680.0,17920.0,3432.0,4.84,4.9,8.08,7.68
2021-09-21,28648.0,2844.0,18908.0,4556.0,4.6,4.64,7.99,7.63
2021-09-22,28107.0,2551.0,18767.0,3674.0,4.93,4.61,7.95,7.85
2021-09-23,31536.0,3478.0,17353.0,3392.0,4.7,4.85,7.83,7.81
2021-09-24,39007.0,4315.0,18855.0,4553.0,4.71,4.91,7.86,7.58
2021-09-25,37592.0,3169.0,17997.0,3996.0,4.77,4.9,7.83,7.9
2021-09-26,40637.0,3811.0,18799.0,3510.0,4.78,4.9,7.84,7.66
2021-09-27,32110.0,4593.0,18759.0,4394.0,4.57,4.77,7.82,7.69
2021-09-28,29386.0,4188.0,16721.0,4612.0,4.72,4.99,7.77,7.65
2021-09-29,30267.0,2453.0,19560.0,3987.0,4.7,4.76,7.48,7.73
2021-09-30,33035.0,2146.0,19474.0,4731.0,4.86,4.98,8.05,7.65
2021-10-01,36180.0,3466.0,18322.0,3260.0,4.78,5.02,7.99,7.53
2021-10-02,40048.0,2997.0,19638.0,4759.0,4.67,4.93,7.97,7.91
2021-10-03,35891.0,3001.0,17917.0,4853.0,4.87,5.0,7.91,7.56
2021-10-04,30015.0,2963.0,16785.0,5912.0,4.76,4.79,7.99,7.57
2021-10-05,28445.0,3043.0,18885.0,4312.0,4.93,4.81,8.15,7.41
2021-10-06,31603.0,3239.0,18362.0,4139.0,4.8,4.88,8.11,7.6
2021-10-07,33605.0,3122.0,19768.0,5401.0,4.85,4.65,8.06,7.87
2021-10-08,38705.0,4064.0,19154.0,5531.0,4.68,4.71,8.07,7.66
2021-10-09,39689.0,3593.0,18142.0,4454.0,4.7,4.86,7.9,7.66
2021-10-10,35133.0,3104.0,16285.0,3589.0,4.85,4.66,7.95,7.52
2021-10-11,31811.0,2838.0,16666.0,4633.0,4.67,4.9,8.21,8.01
2021-10-12,27029.0,3534.0,20124.0,5503.0,4.7,4.83,7.71,7.86
2021-10-13,28207.0,3837.0,19431.0,5609.0,4.69,4.75,8.23,7.52
2021-10-14,31998.0,3186.0,17870.0,3742.0,4.88,4.92,7.93,7.97
2021-10-15,38106.0,2997.0,17856.0,3694.0,4.74,4.74,7.8,7.9
2021-10-16,41027.0,3937.0,19466.0,5225.0,4.86,4.77,7.57,7.96
2021-10-17,39299.0,2163.0,19089.0,4125.0,4.68,4.83,7.8,7.55
2021-10-18,33753.0,2986.0,20365.0,3501.0,4.62,4.93,8.04,7.88
2021-10-19,30507.0,2355.0,18549.0,4776.0,4.76,4.84,7.83,8.24
2021-10-20,31181.0,3204.0,18927.0,2984.0,4.62,4.83,7.95,7.61
2021-10-21,33807.0,3734.0,18942.0,6080.0,4.81,4.78,7.98,7.9
2021-10-22,39466.0,3969.0,19104.0,4974.0,4.69,4.94,7.53,7.75
2021-10-23,41020.0,3451.0,19578.0,5240.0,4.64,4.86,7.53,7.99
2021-10-24,41249.0,3930.0,19694.0,4426.0,4.8,4.98,8.03,8.08
2021-10-25,35915.0,2691.0,19337.0,4388.0,4.79,4.93,8.02,7.61
2021-10-26,32169.0,3918.0,20008.0,4332.0,4.87,4.79,8.02,7.66
2021-10-27,35640.0,3834.0,18384.0,4797.0,4.74,4.87,8.01,7.82
2021-10-28,34639.0,3443.0,20267.0,4131.0,4.86,4.98,7.87,7.81
2021-10-29,41113.0,4107.0,20576.0,5246.0,4.83,4.76,7.84,7.91
2021-10-30,43071.0,4057.0,19226.0,5616.0,4.87,4.85,7.84,7.88
2021-10-31,38567.0,4338.0,21633.0,3944.0,4.84,5.01,7.98,7.77
2021-11-01,37302.0,4110.0,21180.0,4946.0,4.61,5.02,7.97,7.86
2021-11-02,34667.0,3853.0,20866.0,4943.0,4.98,4.8,7.77,8.03
2021-11-03,35087.0,3352.0,21714.0,5857.0,4.81,4.76,7.9,7.92
2021-11-04,34769.0,3344.0,21528.0,3562.0,4.81,4.97,8.01,7.9
2021-11-05,41901.0,3479.0,20923.0,5042.0,4.63,4.85,8.09,7.84
2021-11-06,44214.0,5436.0,21787.0,2650.0,4.84,4.74,8.18,8.11
2021-11-07,44553.0,4377.0,21063.0,5192.0,4.93,4.79,7.96,7.98
2021-11-08,38012.0,4001.0,20904.0,3602.0,4.77,5.0,7.86,7.79
2021-11-09,34000.0,3082.0,20279.0,5566.0,4.76,4.79,7.83,7.89
2021-11-10,37892.0,4843.0,21902.0,5311.0,4.84,4.79,8.27,7.69
2021-11-11,39132.0,3839.0,22548.0,4813.0,4.87,4.74,7.97,7.82
2021-11-12,46439.0,4579.0,23538.0,5983.0,4.91,4.85,7.95,7.77
2021-11-13,45619.0,4731.0,22194.0,6776.0,4.77,5.09,8.15,8.13
2021-11-14,48193.0,3919.0,22365.0,6065.0,4.79,4.76,8.02,7.96
2021-11-15,43623.0,4664.0,22222.0,4714.0,4.93,5.02,8.02,8.33
2021-11-16,42281.0,3865.0,22038.0,4571.0,4.82,4.98,8.22,7.88
2021-11-17,38720.0,4832.0,23883.0,5613.0,4.86,4.98,8.16,8.38
2021-11-18,42710.0,4764.0,22382.0,5273.0,4.85,4.97,8.27,8.0
2021-11-19,48509.0,4648.0,23195.0,6057.0,4.98,4.84,8.49,8.32
2021-11-20,53449.0,6063.0,25535.0,5622.0,4.92,5.02,8.12,8.19
2021-11-21,53063.0,5113.0,25720.0,5593.0,4.92,5.01,8.42,8.23
2021-11-22,48368.0,5415.0,25300.0,6360.0,4.92,5.0,8.44,8.24
2021-11-23,44458.0,4615.0,25248.0,3849.0,4.91,4.93,8.28,8.19
2021-11-24,48727.0,4871.0,25494.0,6491.0,4.87,5.11,8.44,7.95
2021-11-25,53936.0,3751.0,26982.0,5551.0,4.87,4.83,8.47,8.35
2021-11-26,57232.0,5501.0,27007.0,6450.0,4.89,4.9,8.36,8.25
2021-11-27,59894.0,6050.0,26639.0,6573.0,4.97,4.79,8.23,8.23
2021-11-28,59582.0,7503.0,28851.0,7145.0,4.87,4.99,8.55,8.15
2021-11-29,57051.0,6580.0,28425.0,7161.0,5.01,4.97,8.43,8.12
2021-11-30,54523.0,4969.0,29763.0,5964.0,4.81,5.14,8.6,8.44
2021-12-01,55603.0,6288.0,31402.0,6711.0,4.77,4.95,8.47,8.63
2021-12-02,62818.0,6575.0,30632.0,6675.0,4.96,4.97,8.68,8.27
2021-12-03,67425.0,6161.0,32488.0,7602.0,4.96,5.07,8.87,8.61
2021-12-04,71202.0,7582.0,32801.0,7517.0,4.8,5.05,9.18,8.41
2021-12-05,69324.0,7520.0,32059.0,8059.0,5.04,5.16,8.56,8.21
2021-12-06,66568.0,6545.0,35602.0,8018.0,5.1,5.11,8.73,8.36
2021-12-07,67675.0,6695.0,35712.0,8421.0,5.12,4.93,9.01,8.71
2021-12-08,69263.0,7900.0,35841.0,8602.0,5.1,4.94,8.84,8.69
2021-12-09,72600.0,8220.0,36161.0,10453.0,4.98,5.18,8.63,8.91
2021-12-10,81593.0,7704.0,36736.0,9411.0,5.06,5.23,8.9,8.82
2021-12-11,83520.0,8210.0,38353.0,10615.0,4.93,5.09,8.97,8.71
2021-12-12,84772.0,9402.0,39106.0,8840.0,5.05,5.27,9.52,8.98
2021-12-13,83921.0,8291.0,42136.0,9837.0,4.98,5.15,8.97,8.79
2021-12-14,82160.0,9415.0,39318.0,11944.0,4.92,5.19,9.15,8.62
2021-12-15,85431.0,7563.0,43403.0,10703.0,5.1,4.91,9.38,9.26
2021-12-16,90848.0,9172.0,43835.0,10640.0,5.11,5.13,9.41,9.04
2021-12-17,98842.0,9201.0,47224.0,11073.0,5.04,5.34,9.21,8.97
2021-12-18,105410.0,11186.0,46918.0,10614.0,5.02,5.05,8.92,9.27
2021-12-19,101677.0,10352.0,47872.0,11597.0,5.24,5.15,9.47,9.51
2021-12-20,104775.0,10436.0,49511.0,11076.0,5.18,5.41,9.12,9.63
2021-12-21,102733.0,11112.0,52341.0,12083.0,5.14,5.15,9.92,9.4
2021-12-22,109751.0,10301.0,53350.0,12696.0,5.18,5.52,9.74,9.66
2021-12-23,116395.0,11865.0,56989.0,12956.0,5.06,5.27,9.78,9.49
2021-12-24,128466.0,12150.0,56863.0,13669.0,5.1,5.36,10.09,9.39
2021-12-25,129264.0,13174.0,57362.0,13799.0,5.35,5.29,9.79,9.74
2021-12-26,65482.0,6130.0,22630.0,4776.0,4.92,4.86,7.78,7.83
2021-12-27,61121.0,5883.0,22994.0,6201.0,4.98,4.88,8.44,7.8
2021-12-28,60537.0,5291.0,22298.0,4566.0,4.9,4.94,8.15,7.97
2021-12-29,57685.0,7131.0,21581.0,5042.0,4.89,5.01,8.5,8.02
2021-12-30,66888.0,6879.0,22735.0,5794.0,4.95,5.01,8.31,8.11
2021-12-31,70294.0,7046.0,23759.0,5125.0,4.99,5.27,8.19,8.05
2022-01-01,76034.0,7454.0,22397.0,3974.0,4.95,5.3,8.37,8.03
2022-01-02,33876.0,2940.0,17285.0,4560.0,4.81,4.89,7.84,7.74
2022-01-03,30315.0,3645.0,17144.0,3736.0,4.62,4.82,8.36,7.83
2022-01-04,28189.0,3052.0,19418.0,4747.0,4.7,4.73,7.6,7.84
2022-01-05,26716.0,3177.0,16790.0,4160.0,5.02,4.89,7.57,7.4
2022-01-06,31047.0,2300.0,17917.0,3038.0,4.6,5.02,8.17,8.06
2022-01-07,35908.0,3093.0,17472.0,2693.0,5.03,5.13,7.84,7.58
2022-01-08,36730.0,3560.0,17422.0,3360.0,4.89,4.83,7.97,7.79
2022-01-09,35940.0,2479.0,18422.0,4371.0,4.89,4.92,7.97,7.76
2022-01-10,29325.0,2439.0,19955.0,4774.0,4.97,4.82,7.86,7.89
2022-01-11,26937.0,1829.0,18452.0,5247.0,4.76,4.9,8.06,7.86
2022-01-12,30534.0,4066.0,18430.0,4418.0,4.91,4.72,7.9,7.87
2022-01-13,31548.0,3546.0,16253.0,3523.0,4.85,4.85,8.22,7.95
2022-01-14,33927.0,3166.0,17768.0,2541.0,4.79,4.88,8.06,7.91
2022-01-15,37562.0,3942.0,17942.0,5025.0,4.78,4.86,7.62,7.74
2022-01-16,33977.0,4021.0,18972.0,4170.0,4.85,4.91,8.02,7.45
2022-01-17,33263.0,3725.0,17277.0,4961.0,4.77,5.07,8.11,7.81
2022-01-18,23804.0,1925.0,16944.0,4470.0,4.74,4.9,8.18,7.7
2022-01-19,26427.0,2639.0,19542.0,3508.0,4.77,4.81,7.89,7.8
2022-01-20,30221.0,3750.0,18898.0,3391.0,4.85,5.09,7.83,7.61
2022-01-21,34019.0,3187.0,17840.0,2632.0,5.01,4.9,7.95,7.86
2022-01-22,33604.0,3204.0,18191.0,2717.0,4.83,4.88,8.08,7.48
2022-01-23,35596.0,3318.0,21500.0,4709.0,4.72,4.79,8.15,7.98
2022-01-24,30146.0,3393.0,17087.0,5106.0,4.81,4.85,8.02,7.83
2022-01-25,28913.0,3314.0,18332.0,3123.0,4.8,4.74,7.82,7.64
2022-01-26,28197.0,2388.0,19456.0,4234.0,4.88,4.87,8.04,8.03
2022-01-27,29411.0,2748.0,17401.0,3896.0,4.72,4.86,7.95,7.72
2022-01-28,31167.0,3253.0,16757.0,3661.0,5.13,4.93,7.85,7.8
2022-01-29,37858.0,4048.0,18702.0,4840.0,4.84,4.75,7.91,7.84
2022-01-30,34673.0,3261.0,18965.0,4896.0,4.77,4.88,7.93,7.9
2022-01-31,29345.0,3739.0,18557.0,6106.0,4.81,4.89,8.07,7.8
2022-02-01,29397.0,3478.0,17790.0,3965.0,4.75,5.03,8.07,7.91
2022-02-02,26262.0,3015.0,18261.0,4835.0,4.93,4.78,7.82,7.66
2022-02-03,32311.0,2412.0,18273.0,4084.0,4.86,5.0,7.98,7.82
2022-02-04,35966.0,4070.0,17291.0,4950.0,4.97,4.82,7.73,7.87
2022-02-05,36027.0,3409.0,17943.0,4573.0,4.84,4.81,7.78,7.68
2022-02-06,33178.0,3295.0,17590.0,4399.0,4.97,4.9,7.98,7.81
2022-02-07,34142.0,3154.0,17858.0,3584.0,4.82,4.92,8.1,7.64
2022-02-08,24802.0,3244.0,17360.0,3199.0,4.95,4.71,8.01,7.87
2022-02-09,26632.0,2861.0,16526.0,4690.0,4.79,4.74,8.03,7.92
2022-02-10,33305.0,2345.0,17960.0,3661.0,4.79,4.8,8.18,7.97
2022-02-11,36086.0,2649.0,17273.0,3860.0,4.83,5.04,7.94,7.65
2022-02-12,35057.0,3104.0,18672.0,4178.0,4.77,4.93,8.01,7.7
2022-02-13,33547.0,3588.0,17884.0,4684.0,4.91,4.97,7.9,7.76
2022-02-14,30659.0,3994.0,18323.0,4826.0,4.85,4.77,7.71,7.92
2022-02-15,27047.0,3303.0,18490.0,5253.0,4.78,4.76,8.01,7.77
2022-02-16,28028.0,3544.0,17859.0,5001.0,4.69,4.83,7.92,7.63
2022-02-17,30869.0,3195.0,18952.0,5081.0,4.87,5.01,7.8,7.64
2022-02-18,34525.0,2874.0,17129.0,3960.0,4.74,5.03,8.24,7.94
2022-02-19,37658.0,3899.0,17543.0,4098.0,4.84,4.94,7.88,7.51
2022-02-20,34815.0,3100.0,18914.0,4884.0,4.83,4.99,7.93,7.68
2022-02-21,33583.0,2934.0,16869.0,3497.0,4.86,4.76,8.21,7.63
2022-02-22,27384.0,2990.0,18105.0,3862.0,4.76,4.89,7.79,7.9
2022-02-23,25816.0,2424.0,19278.0,5350.0,4.61,4.78,8.02,7.76
2022-02-24,33241.0,3020.0,18195.0,3955.0,4.54,5.05,7.85,7.76
2022-02-25,36536.0,2511.0,18166.0,3733.0,4.88,4.97,8.28,7.82
2022-02-26,36720.0,3967.0,16458.0,4703.0,4.8,5.16,8.02,7.77
2022-02-27,37235.0,2497.0,19186.0,4801.0,4.83,4.86,7.93,7.81
2022-02-28,29238.0,3128.0,19053.0,3645.0,4.81,4.94,7.61,7.8
2022-03-01,27703.0,2761.0,17365.0,4146.0,4.96,4.97,8.07,7.85
2022-03-02,31822.0,1866.0,17879.0,4673.0,4.76,4.85,8.1,7.76
2022-03-03,28987.0,3365.0,17351.0,4782.0,4.83,4.55,8.05,7.62
2022-03-04,35775.0,3916.0,19607.0,5136.0,4.86,4.81,8.06,7.49
2022-03-05,37245.0,4586.0,17778.0,5026.0,4.84,5.08,8.23,7.88
2022-03-06,35835.0,4096.0,16609.0,4181.0,4.88,5.15,8.1,8.0
2022-03-07,33064.0,3972.0,17485.0,3689.0,4.73,4.91,7.8,7.88
2022-03-08,28288.0,3476.0,18397.0,3453.0,4.81,4.9,7.72,7.55
2022-03-09,27370.0,1730.0,17431.0,4688.0,4.65,4.75,7.93,7.83
2022-03-10,31831.0,3493.0,17913.0,4504.0,4.99,4.96,7.91,7.71
2022-03-11,35067.0,3059.0,18887.0,4780.0,4.67,5.01,8.01,7.85
2022-03-12,37318.0,4295.0,18585.0,5229.0,5.06,4.91,7.81,7.67
2022-03-13,35547.0,3177.0,17257.0,3017.0,4.86,4.91,8.0,7.87
2022-03-14,31862.0,3597.0,16384.0,3248.0,5.04,4.86,8.21,7.68
2022-03-15,26604.0,3574.0,17289.0,4181.0,4.77,4.9,7.82,7.72
2022-03-16,28486.0,3158.0,17710.0,4623.0,4.9,5.09,8.12,7.74
2022-03-17,31134.0,3834.0,17583.0,3452.0,4.94,4.94,7.56,7.74
2022-03-18,34568.0,3417.0,19676.0,3477.0,4.84,5.01,7.79,7.86
2022-03-19,39760.0,3358.0,18080.0,3790.0,4.96,4.85,8.05,7.62
2022-03-20,35759.0,3030.0,19762.0,4863.0,5.01,4.78,7.7,7.88
2022-03-21,31992.0,3245.0,16817.0,5236.0,4.64,4.85,8.21,7.66
2022-03-22,25538.0,2787.0,16614.0,5188.0,4.98,4.96,7.94,7.8
2022-03-23,28700.0,3206.0,18375.0,3785.0,4.79,4.86,7.92,7.77
2022-03-24,30198.0,3451.0,19055.0,4123.0,4.89,4.91,8.11,7.93
2022-03-25,35523.0,3902.0,17048.0,3485.0,4.92,5.04,7.96,7.93
2022-03-26,37998.0,3523.0,18224.0,3907.0,4.99,4.91,7.99,7.94
2022-03-27,36093.0,3649.0,17067.0,3099.0,4.65,4.9,8.06,7.8
2022-03-28,27833.0,3092.0,17958.0,4576.0,4.86,4.89,7.82,7.7
2022-03-29,29304.0,2659.0,17913.0,5420.0,4.69,5.04,7.93,8.02
2022-03-30,27826.0,2637.0,18849.0,3856.0,4.88,4.93,7.84,7.66
2022-03-31,33308.0,3106.0,17025.0,3387.0,4.98,4.92,8.21,7.85
2022-04-01,35339.0,2071.0,19083.0,5859.0,4.95,4.91,8.1,7.97
2022-04-02,36106.0,3373.0,18056.0,4133.0,4.75,5.08,7.72,7.63
2022-04-03,36547.0,3591.0,19097.0,5787.0,4.92,4.92,7.77,7.65
2022-04-04,34649.0,4254.0,16882.0,4633.0,4.84,4.9,8.03,7.99
2022-04-05,29773.0,3141.0,19930.0,3717.0,4.75,4.75,7.96,8.08
2022-04-06,30862.0,3348.0,17536.0,4856.0,4.74,4.94,8.02,7.81
2022-04-07,32352.0,3480.0,18492.0,5130.0,4.82,4.81,8.1,7.72
2022-04-08,38765.0,4278.0,19798.0,4580.0,4.91,5.02,7.88,7.86
2022-04-09,45256.0,4946.0,18940.0,4257.0,4.87,4.95,8.08,7.92
2022-04-10,42834.0,3905.0,20149.0,5423.0,5.01,5.0,8.13,8.04
2022-04-11,38749.0,4951.0,20123.0,2991.0,5.04,5.07,7.98,7.83
2022-04-12,37621.0,4098.0,20345.0,4705.0,4.91,4.9,8.18,8.05
2022-04-13,39228.0,3827.0,20845.0,5517.0,4.98,4.87,8.26,8.33
2022-04-14,45330.0,5046.0,21929.0,5250.0,4.84,5.1,7.88,8.11
2022-04-15,52579.0,5240.0,21207.0,5481.0,5.02,5.07,8.29,8.09
2022-04-16,57124.0,4636.0,22838.0,5800.0,5.26,5.14,8.19,8.03
2022-04-17,56682.0,6578.0,24171.0,3114.0,5.15,5.02,8.38,8.07
2022-04-18,30502.0,3123.0,19739.0,4795.0,4.81,4.83,8.07,7.84
2022-04-19,29641.0,3828.0,16816.0,3781.0,4.84,4.98,7.76,7.97
2022-04-20,28036.0,2001.0,17058.0,4323.0,4.96,5.1,7.64,7.93
2022-04-21,28337.0,3333.0,18726.0,3172.0,4.83,4.98,8.18,8.04
2022-04-22,35032.0,4819.0,18032.0,4101.0,4.92,4.96,8.04,7.81
2022-04-23,39869.0,4828.0,17462.0,3917.0,4.8,4.93,8.04,7.76
2022-04-24,32185.0,2828.0,17381.0,2085.0,4.6,4.88,8.03,7.96
2022-04-25,28728.0,3502.0,18365.0,3773.0,4.92,4.93,7.7,7.58
2022-04-26,27969.0,3465.0,18322.0,5185.0,4.89,4.98,8.37,7.92
2022-04-27,27664.0,2853.0,19030.0,3565.0,4.89,4.78,7.75,7.61
2022-04-28,30879.0,3655.0,17784.0,5141.0,4.85,5.1,8.2,7.86
2022-04-29,36975.0,3724.0,16934.0,3161.0,4.64,4.87,7.92,7.69
2022-04-30,37605.0,2699.0,16506.0,3340.0,5.01,4.93,8.29,7.63
2022-05-01,34832.0,3142.0,19095.0,3902.0,4.84,4.97,7.81,8.21
2022-05-02,30483.0,3030.0,19019.0,4440.0,5.03,5.16,7.88,8.01
2022-05-03,28779.0,2719.0,17299.0,4281.0,5.05,5.06,8.02,7.58
2022-05-04,26146.0,3141.0,18881.0,4488.0,4.86,4.99,7.98,8.06
2022-05-05,32649.0,2902.0,17773.0,2524.0,4.98,4.75,7.94,7.79
2022-05-06,36881.0,3031.0,18871.0,2946.0,4.88,5.0,7.86,7.57
2022-05-07,35170.0,3725.0,19912.0,4961.0,4.95,4.95,7.9,7.82
2022-05-08,36432.0,4347.0,17297.0,3653.0,4.92,5.16,8.15,7.85
2022-05-09,31120.0,3379.0,17512.0,5538.0,5.0,5.02,7.7,7.84
2022-05-10,28997.0,2598.0,18147.0,4403.0,4.94,4.97,7.62,7.68
2022-05-11,24329.0,2471.0,17793.0,3840.0,4.9,5.05,8.06,7.66
2022-05-12,32582.0,4107.0,17394.0,4059.0,4.88,4.96,8.04,7.92
2022-05-13,38202.0,3526.0,18200.0,5534.0,4.93,4.95,7.93,7.85
2022-05-14,37297.0,2834.0,17385.0,2801.0,4.87,4.94,7.86,7.87
2022-05-15,35723.0,3986.0,18174.0,4842.0,4.94,4.89,8.18,7.89
2022-05-16,29064.0,3147.0,17992.0,5361.0,4.91,5.15,8.09,7.71
2022-05-17,23293.0,3691.0,16557.0,3843.0,4.74,5.05,8.31,7.53
2022-05-18,28247.0,2975.0,17705.0,3953.0,4.75,4.86,8.22,7.79
2022-05-19,28763.0,3792.0,17540.0,2725.0,4.92,4.93,8.33,7.84
2022-05-20,33705.0,3144.0,18133.0,4363.0,4.84,5.18,8.2,7.74
2022-05-21,36787.0,3630.0,16932.0,2634.0,4.67,4.84,8.05,7.59
2022-05-22,40012.0,2468.0,18295.0,3599.0,4.94,4.92,7.88,7.71
2022-05-23,29051.0,2793.0,17581.0,2477.0,4.87,4.9,8.31,7.69
2022-05-24,28011.0,2990.0,17824.0,3362.0,4.97,4.9,7.55,8.06
2022-05-25,27973.0,3385.0,18625.0,4230.0,4.68,5.05,8.23,7.78
2022-05-26,29211.0,2827.0,17565.0,4351.0,4.78,4.99,7.79,7.87
2022-05-27,37228.0,3604.0,17532.0,5416.0,4.95,5.11,8.02,7.85
2022-05-28,34083.0,4362.0,17340.0,5032.0,4.82,5.05,7.94,7.88
2022-05-29,33835.0,4194.0,18172.0,3307.0,4.95,4.98,7.9,7.66
2022-05-30,30209.0,2906.0,17957.0,4392.0,5.0,4.95,8.04,8.02
2022-05-31,27872.0,3654.0,16738.0,5194.0,4.8,4.78,7.96,7.77
2022-06-01,27936.0,3639.0,17931.0,3564.0,4.89,4.96,8.2,8.01
2022-06-02,31671.0,2844.0,17936.0,4385.0,4.81,4.98,7.98,7.95
2022-06-03,37016.0,3973.0,18284.0,4177.0,5.01,4.83,8.07,7.95
2022-06-04,35269.0,3722.0,19052.0,4341.0,4.78,4.94,7.92,7.93
2022-06-05,36713.0,3876.0,17981.0,5652.0,4.82,5.03,8.08,7.89
2022-06-06,30776.0,2866.0,19120.0,4076.0,4.95,4.86,8.04,7.86
2022-06-07,27731.0,2548.0,18214.0,4274.0,4.94,5.06,7.89,7.84
2022-06-08,28281.0,3409.0,17405.0,3915.0,4.89,5.08,8.0,7.98
2022-06-09,30114.0,3690.0,18868.0,5140.0,4.87,4.85,7.74,7.82
2022-06-10,34700.0,3442.0,18965.0,5116.0,4.72,5.08,7.88,7.79
2022-06-11,36995.0,4160.0,18111.0,3917.0,4.85,5.12,7.9,7.69
2022-06-12,36047.0,4218.0,18216.0,3220.0,5.06,5.19,7.88,7.77
2022-06-13,31449.0,3364.0,18409.0,4364.0,4.87,5.1,7.88,7.46
2022-06-14,27380.0,2360.0,17366.0,4311.0,4.89,4.98,8.12,7.98
2022-06-15,29140.0,1976.0,18029.0,3618.0,4.81,4.86,7.99,7.95
2022-06-16,30505.0,2335.0,18329.0,4825.0,4.84,4.86,8.22,7.74
2022-06-17,36015.0,3468.0,17351.0,5120.0,4.96,5.11,8.25,8.08
2022-06-18,39166.0,3770.0,16799.0,4021.0,4.97,4.95,7.97,7.99
2022-06-19,33885.0,3306.0,17589.0,4443.0,5.12,4.94,7.98,7.87
2022-06-20,34388.0,3094.0,18632.0,3790.0,4.91,5.0,8.12,7.76
2022-06-21,28993.0,3299.0,16540.0,4598.0,5.0,5.04,8.14,7.97
2022-06-22,29286.0,3066.0,18732.0,4494.0,4.78,4.92,7.72,7.76
2022-06-23,33185.0,3413.0,18420.0,4006.0,4.92,5.08,8.07,8.05
2022-06-24,33553.0,4250.0,17477.0,4259.0,5.0,4.91,7.54,7.79
2022-06-25,37257.0,4247.0,17137.0,4402.0,4.88,4.9,8.2,8.04
2022-06-26,33672.0,3048.0,18927.0,3743.0,5.06,4.95,8.08,8.05
2022-06-27,32459.0,3646.0,18020.0,2856.0,4.94,4.9,8.24,7.82
2022-06-28,23837.0,3994.0,17020.0,2703.0,4.92,5.15,7.98,7.91
2022-06-29,24060.0,3455.0,16749.0,5283.0,5.05,4.92,8.22,8.26
2022-06-30,30095.0,3917.0,19489.0,4541.0,4.89,5.03,8.08,7.95
2022-07-01,38234.0,4179.0,17971.0,4118.0,5.07,5.08,7.96,7.85
2022-07-02,36803.0,4053.0,18259.0,3123.0,4.86,4.96,8.0,7.78
2022-07-03,35876.0,3943.0,18358.0,4752.0,4.82,4.93,8.07,7.95
2022-07-04,33160.0,2594.0,17668.0,3909.0,4.71,5.03,7.97,8.31
2022-07-05,27654.0,2627.0,20191.0,4846.0,4.83,5.08,7.9,7.8
2022-07-06,29407.0,4206.0,18941.0,4372.0,4.84,4.94,7.97,7.77
2022-07-07,32969.0,4493.0,18164.0,5491.0,4.86,4.96,8.22,7.73
2022-07-08,35359.0,3081.0,20048.0,3883.0,4.83,5.08,8.38,7.73
2022-07-09,41024.0,4378.0,17808.0,5463.0,4.93,4.85,8.23,8.04
2022-07-10,38314.0,4225.0,19068.0,3721.0,4.77,5.07,8.3,8.21
2022-07-11,31693.0,4101.0,19558.0,4885.0,4.98,4.74,8.09,8.2
2022-07-12,29723.0,3811.0,20892.0,3866.0,4.91,4.99,8.09,8.08
2022-07-13,30370.0,2976.0,19277.0,4482.0,4.91,5.08,7.94,7.88
2022-07-14,34467.0,3454.0,18997.0,4080.0,5.02,5.06,8.08,8.01
2022-07-15,37798.0,4102.0,20401.0,3831.0,5.05,5.02,8.01,7.86
2022-07-16,39717.0,3860.0,20643.0,4383.0,4.94,5.08,8.02,7.84
2022-07-17,40094.0,4807.0,20552.0,4939.0,5.11,4.86,8.2,7.8
2022-07-18,34262.0,2958.0,20842.0,4947.0,4.94,5.07,8.11,7.93
2022-07-19,31456.0,4105.0,20249.0,3603.0,4.95,4.95,8.17,8.12
2022-07-20,31483.0,3182.0,19818.0,5553.0,4.82,4.93,8.3,7.94
2022-07-21,35124.0,3645.0,21890.0,3941.0,4.87,5.02,8.32,8.13
2022-07-22,39796.0,4104.0,20918.0,5009.0,4.92,5.03,8.31,7.86
2022-07-23,46006.0,4693.0,21100.0,3889.0,4.87,5.09,7.95,8.07
2022-07-24,42258.0,3996.0,20892.0,4548.0,5.05,4.97,7.86,8.14
2022-07-25,38077.0,3843.0,20490.0,5347.0,4.97,5.11,8.03,8.07
2022-07-26,33950.0,3900.0,19304.0,5535.0,4.92,5.1,8.14,8.23
2022-07-27,38032.0,5041.0,20569.0,4790.0,5.04,4.94,8.24,8.34
2022-07-28,39020.0,4059.0,21051.0,5350.0,5.0,5.1,8.16,8.16
2022-07-29,41191.0,3827.0,22516.0,5514.0,4.9,5.14,8.52,8.23
2022-07-30,44747.0,3089.0,21912.0,6236.0,5.23,5.01,7.98,8.09
2022-07-31,42630.0,4496.0,22008.0,5581.0,4.93,4.98,8.13,8.1
2022-08-01,39109.0,3514.0,22074.0,4946.0,4.84,5.02,8.34,8.5
2022-08-02,36951.0,3458.0,22103.0,4854.0,4.8,4.95,8.12,8.01
2022-08-03,37886.0,4149.0,22215.0,6516.0,4.86,4.86,8.12,7.82
2022-08-04,39304.0,4832.0,23951.0,4590.0,5.06,5.05,8.25,8.02
2022-08-05,46630.0,5063.0,21590.0,4800.0,4.93,5.07,8.15,8.0
2022-08-06,46146.0,5188.0,22627.0,5070.0,4.97,5.18,8.32,8.03
2022-08-07,46646.0,4154.0,23201.0,4134.0,5.08,5.15,8.27,7.88
2022-08-08,42490.0,4632.0,23515.0,5354.0,4.85,5.11,8.14,8.0
2022-08-09,35570.0,3181.0,23518.0,5948.0,4.94,5.06,8.32,7.91
2022-08-10,34856.0,3968.0,23415.0,5249.0,5.06,5.03,8.46,8.1
2022-08-11,41583.0,5005.0,23878.0,5681.0,4.92,5.09,8.1,7.99
2022-08-12,43501.0,4733.0,23111.0,5938.0,5.15,5.08,8.27,8.26
2022-08-13,45235.0,5620.0,22640.0,4500.0,5.08,5.09,8.24,8.26
2022-08-14,42779.0,5472.0,22720.0,4835.0,4.84,5.24,8.27,8.09
2022-08-15,41409.0,3358.0,24083.0,4704.0,4.99,5.01,8.41,8.26
2022-08-16,34912.0,3440.0,22557.0,5098.0,5.12,4.94,8.45,7.89
2022-08-17,37196.0,4491.0,22337.0,5258.0,5.06,4.98,8.43,8.1
2022-08-18,41123.0,4352.0,22356.0,4574.0,5.05,4.88,8.2,8.07
2022-08-19,40200.0,3970.0,22906.0,5214.0,4.9,5.38,8.28,8.27
2022-08-20,46747.0,4419.0,23488.0,4827.0,5.0,5.13,8.41,8.09
2022-08-21,40971.0,3750.0,21974.0,3995.0,4.9,5.07,8.35,8.08
2022-08-22,38462.0,5115.0,21045.0,4505.0,4.98,5.03,8.23,8.41
2022-08-23,35571.0,5050.0,23341.0,6059.0,4.86,4.86,8.07,8.09
2022-08-24,34711.0,4061.0,21605.0,4845.0,5.08,5.15,8.28,8.45
2022-08-25,41209.0,3534.0,22186.0,3778.0,5.0,4.78,8.0,8.14
2022-08-26,38900.0,4510.0,21751.0,5854.0,4.91,5.07,8.1,8.06
2022-08-27,44165.0,4311.0,21416.0,5341.0,4.9,5.05,8.36,7.93
2022-08-28,42599.0,4655.0,20690.0,4362.0,4.91,5.06,8.03,8.02
2022-08-29,38570.0,3501.0,21367.0,5545.0,5.1,5.17,8.35,8.22
2022-08-30,33456.0,3576.0,19672.0,5543.0,4.69,5.03,8.05,8.1
2022-08-31,33222.0,2084.0,21240.0,5129.0,5.04,4.97,7.93,7.94
2022-09-01,37520.0,3672.0,20578.0,5083.0,4.9,5.06,8.03,8.05
2022-09-02,37101.0,4054.0,21255.0,3855.0,5.12,5.19,8.29,8.27
2022-09-03,39816.0,3992.0,20503.0,4793.0,5.04,5.09,8.4,8.09
2022-09-04,39782.0,4282.0,21127.0,3934.0,5.08,5.19,8.08,8.08
2022-09-05,34359.0,3547.0,20131.0,4065.0,4.89,5.13,8.12,8.09
2022-09-06,30504.0,3268.0,21743.0,4780.0,5.03,4.96,8.22,8.41
2022-09-07,28542.0,3104.0,21343.0,4110.0,4.94,4.96,8.19,7.96
2022-09-08,35965.0,3021.0,19188.0,4498.0,4.97,4.93,8.28,7.98
2022-09-09,41278.0,3126.0,19599.0,3958.0,5.17,5.03,8.29,8.16
2022-09-10,40520.0,3817.0,19177.0,5063.0,4.89,5.08,8.06,8.0
2022-09-11,36317.0,4086.0,19644.0,3739.0,5.08,4.9,8.08,8.42
2022-09-12,34081.0,2990.0,19154.0,4832.0,5.12,5.03,8.03,7.91
2022-09-13,31636.0,2662.0,18089.0,4735.0,5.09,4.94,8.04,8.19
2022-09-14,29732.0,3524.0,18040.0,5214.0,4.89,5.17,8.13,7.75
2022-09-15,34476.0,3375.0,18898.0,4752.0,4.87,4.98,8.16,7.84
2022-09-16,39281.0,3234.0,19256.0,3401.0,4.94,5.23,8.06,7.89
2022-09-17,39696.0,4124.0,17464.0,4235.0,4.73,4.95,8.34,8.06
2022-09-18,38531.0,3294.0,17895.0,4934.0,5.01,5.06,8.36,7.99
2022-09-19,35952.0,4395.0,17361.0,3879.0,5.02,5.05,8.07,7.77
2022-09-20,33622.0,4118.0,18368.0,3839.0,4.84,4.99,8.22,7.68
2022-09-21,30140.0,3597.0,19962.0,3898.0,4.94,5.05,8.2,8.18
2022-09-22,34148.0,3634.0,18809.0,3339.0,4.95,5.01,8.1,8.01
2022-09-23,40753.0,4465.0,17753.0,4838.0,4.96,5.0,8.01,8.01
2022-09-24,37247.0,3477.0,18675.0,4471.0,5.02,4.87,8.21,8.1
2022-09-25,37402.0,2911.0,18711.0,3722.0,5.14,5.07,8.36,7.82
2022-09-26,32626.0,3054.0,17625.0,4087.0,4.86,4.89,8.22,7.69
2022-09-27,29886.0,2291.0,19971.0,4048.0,5.04,5.19,8.0,8.04
2022-09-28,31035.0,2856.0,19439.0,4653.0,4.91,5.12,8.07,7.99
2022-09-29,34631.0,4112.0,18953.0,5298.0,5.08,5.02,8.04,7.7
2022-09-30,37779.0,3298.0,17661.0,3981.0,4.8,5.06,7.98,7.89
2022-10-01,40327.0,3669.0,18862.0,3527.0,5.14,5.18,8.29,8.1
2022-10-02,36170.0,3694.0,18498.0,4884.0,4.89,4.91,7.77,7.92
2022-10-03,32787.0,3411.0,18774.0,4173.0,5.07,5.07,8.25,8.0
2022-10-04,32532.0,2633.0,18939.0,3624.0,4.89,5.15,8.29,7.88
2022-10-05,29923.0,5051.0,19556.0,3496.0,4.84,4.81,8.15,8.25
2022-10-06,36274.0,3105.0,18547.0,3470.0,4.87,5.11,8.38,8.08
2022-10-07,37532.0,4060.0,18512.0,2411.0,4.84,5.11,8.28,7.85
2022-10-08,39453.0,2650.0,21043.0,4843.0,5.12,5.15,8.11,7.88
2022-10-09,39272.0,3481.0,19680.0,4726.0,5.14,5.09,8.29,8.0
2022-10-10,36736.0,4097.0,20190.0,3637.0,5.06,5.19,8.51,8.25
2022-10-11,32007.0,4056.0,18486.0,5630.0,4.99,4.89,7.96,8.1
2022-10-12,33544.0,3941.0,19403.0,4288.0,5.05,5.01,8.23,7.82
2022-10-13,36915.0,2962.0,19736.0,4520.0,4.9,5.2,8.1,7.98
2022-10-14,39409.0,4196.0,20986.0,4301.0,4.88,4.96,8.47,7.97
2022-10-15,39624.0,4503.0,19302.0,4955.0,4.95,5.06,8.19,8.16
2022-10-16,39700.0,3052.0,18160.0,3807.0,4.87,5.18,7.98,7.97
2022-10-17,36491.0,5149.0,21701.0,5390.0,5.03,4.97,8.07,8.12
2022-10-18,33799.0,3429.0,20710.0,3899.0,4.98,5.0,8.24,8.22
2022-10-19,32476.0,4130.0,19833.0,4175.0,4.99,5.06,8.38,8.17
2022-10-20,37501.0,4703.0,20996.0,4507.0,5.04,4.93,8.22,8.27
2022-10-21,43061.0,4405.0,20564.0,4643.0,5.08,5.02,8.54,8.17
2022-10-22,43954.0,4087.0,21872.0,4547.0,5.14,4.97,7.93,7.78
2022-10-23,38997.0,4458.0,21084.0,5066.0,5.16,5.3,8.33,7.96
2022-10-24,35420.0,5282.0,20398.0,4130.0,4.97,5.08,8.16,8.04
2022-10-25,31943.0,4347.0,20205.0,4654.0,5.03,4.98,8.17,8.37
2022-10-26,33974.0,3393.0,21659.0,4261.0,5.0,5.05,8.23,7.93
2022-10-27,37889.0,3597.0,20555.0,5426.0,4.84,5.03,8.35,7.97
2022-10-28,45041.0,4828.0,20266.0,5338.0,4.78,5.17,8.07,7.76
2022-10-29,44333.0,4466.0,21556.0,4496.0,5.0,5.07,8.25,8.1
2022-10-30,45957.0,4086.0,22915.0,4182.0,4.98,5.17,8.25,8.33
2022-10-31,39894.0,4194.0,20078.0,4986.0,5.1,5.13,8.29,8.11
2022-11-01,37138.0,4084.0,22681.0,3925.0,5.14,5.02,8.25,8.3
2022-11-02,37889.0,4075.0,21142.0,6104.0,5.2,5.07,8.35,8.11
2022-11-03,38479.0,4604.0,23567.0,5015.0,5.0,5.25,8.45,8.05
2022-11-04,48491.0,4542.0,23293.0,4287.0,5.22,5.13,8.4,8.47
2022-11-05,48284.0,4310.0,22249.0,5086.0,4.83,5.2,8.36,8.58
2022-11-06,46293.0,5190.0,22886.0,4973.0,4.68,4.88,8.35,7.93
2022-11-07,44908.0,3741.0,21470.0,5323.0,5.06,5.18,8.44,8.51
2022-11-08,41738.0,4010.0,23034.0,5425.0,5.17,5.15,8.4,8.21
2022-11-09,41173.0,4082.0,24930.0,4577.0,5.2,5.06,8.79,8.17
2022-11-10,45640.0,3761.0,24731.0,5924.0,4.9,5.14,8.34,8.29
2022-11-11,47129.0,5896.0,24734.0,5966.0,5.01,5.15,8.6,8.45
2022-11-12,51080.0,4844.0,22751.0,4738.0,5.0,5.04,8.2,8.32
2022-11-13,52000.0,5439.0,25284.0,4290.0,5.11,5.2,8.53,8.35
2022-11-14,46120.0,4994.0,24582.0,5813.0,4.91,5.33,8.73,8.38
2022-11-15,46613.0,5209.0,24336.0,5196.0,5.06,5.0,8.38,8.71
2022-11-16,45262.0,4819.0,27247.0,6818.0,4.89,5.25,8.33,8.57
2022-11-17,49662.0,5282.0,25308.0,5953.0,5.0,5.11,8.68,8.33
2022-11-18,56033.0,6357.0,26811.0,4053.0,5.03,5.1,8.68,8.6
2022-11-19,56391.0,5852.0,28305.0,5661.0,4.96,5.21,8.36,8.36
2022-11-20,55367.0,4520.0,29163.0,5838.0,5.07,5.11,8.25,8.45
2022-11-21,49967.0,5401.0,27364.0,6206.0,5.07,5.14,8.58,8.58
2022-11-22,52276.0,6163.0,28099.0,6582.0,5.04,5.08,8.46,8.54
2022-11-23,51660.0,6876.0,27359.0,5583.0,4.99,5.2,8.1,8.82
2022-11-24,57771.0,5665.0,27192.0,5960.0,5.17,5.32,8.6,8.82
2022-11-25,62103.0,7535.0,29285.0,7084.0,5.17,5.16,8.73,8.43
2022-11-26,62764.0,6474.0,27994.0,6581.0,5.12,5.13,8.61,8.61
2022-11-27,64179.0,7100.0,29011.0,7667.0,5.2,5.31,8.68,8.72
2022-11-28,56865.0,7226.0,31181.0,7099.0,5.04,5.24,8.95,8.79
2022-11-29,58914.0,5738.0,31262.0,6399.0,5.15,5.2,8.55,8.38
2022-11-30,58428.0,6394.0,31200.0,7621.0,5.17,5.18,8.93,8.67
2022-12-01,65063.0,6245.0,32904.0,6784.0,5.08,5.33,8.87,8.99
2022-12-02,70717.0,6816.0,34426.0,7258.0,5.3,5.33,9.02,8.96
2022-12-03,71003.0,8688.0,33163.0,8228.0,5.23,5.3,8.89,8.75
2022-12-04,75062.0,7154.0,35377.0,8642.0,5.39,5.29,8.5,8.87
2022-12-05,72570.0,7076.0,35445.0,7670.0,5.37,5.15,9.0,9.0
2022-12-06,69131.0,7888.0,35255.0,8355.0,5.02,5.27,8.87,8.87
2022-12-07,69328.0,8068.0,36053.0,6879.0,5.16,5.33,9.03,8.86
2022-12-08,75890.0,7438.0,39183.0,7670.0,5.19,5.41,9.06,9.28
2022-12-09,81221.0,9322.0,39125.0,8649.0,5.22,5.2,9.08,9.09
2022-12-10,88198.0,8909.0,38995.0,9875.0,5.29,5.4,9.72,9.15
2022-12-11,86473.0,8507.0,40039.0,9329.0,5.2,5.22,9.3,9.05
2022-12-12,83877.0,8410.0,42403.0,10713.0,5.36,5.45,9.88,9.5
2022-12-13,84166.0,8943.0,41611.0,8870.0,5.0,5.33,9.93,9.25
2022-12-14,88205.0,9445.0,42733.0,8542.0,5.11,5.45,9.79,9.64
2022-12-15,91950.0,8960.0,43536.0,10270.0,5.28,5.43,9.73,9.56
2022-12-16,99492.0,10426.0,46362.0,10097.0,5.36,5.21,9.4,9.41
2022-12-17,103786.0,10879.0,46697.0,10391.0,5.28,5.3,9.43,9.38
2022-12-18,106376.0,10915.0,47205.0,11551.0,5.45,5.3,9.71,9.68
2022-12-19,105309.0,11280.0,50122.0,11379.0,5.27,5.43,9.85,9.63
2022-12-20,104192.0,11573.0,50619.0,12626.0,5.51,5.36,10.09,9.59
2022-12-21,104155.0,10999.0,52359.0,11909.0,5.35,5.35,9.74,9.64
2022-12-22,113879.0,11019.0,54662.0,12870.0,5.42,5.27,9.62,9.87
2022-12-23,120249.0,12838.0,56388.0,13498.0,5.52,5.39,9.91,10.01
2022-12-24,126239.0,12681.0,56747.0,13987.0,5.51,5.61,10.33,10.14
2022-12-25,129784.0,14164.0,58693.0,12429.0,5.41,5.63,10.12,9.95
2022-12-26,58371.0,6208.0,22334.0,4654.0,5.04,5.1,8.36,8.19
2022-12-27,56144.0,5989.0,21652.0,6261.0,5.08,5.09,8.5,7.99
2022-12-28,58099.0,6233.0,21988.0,4436.0,5.15,5.24,8.49,8.36
2022-12-29,60743.0,7183.0,22230.0,5616.0,5.27,5.22,8.42,7.89
2022-12-30,68396.0,7180.0,21777.0,4212.0,5.12,5.24,8.49,8.11
2022-12-31,73218.0,6235.0,22880.0,6109.0,5.31,5.41,8.59,8.08
2023-01-01,74592.0,6538.0,21920.0,4676.0,5.23,5.28,8.47,8.43
2023-01-02,29233.0,3735.0,17893.0,4653.0,5.06,5.02,7.87,8.48
2023-01-03,28573.0,4483.0,17974.0,2460.0,4.87,5.23,7.91,7.81
2023-01-04,26035.0,2512.0,17939.0,4400.0,4.93,5.12,8.2,8.11
2023-01-05,29234.0,4446.0,18754.0,5554.0,5.11,5.15,8.35,8.02
2023-01-06,35348.0,3676.0,17518.0,4066.0,4.79,5.1,7.93,7.98
2023-01-07,35233.0,5169.0,19952.0,5377.0,4.93,5.26,8.03,8.03
2023-01-08,36865.0,3079.0,18481.0,4185.0,5.01,5.11,7.84,7.97
2023-01-09,28016.0,3340.0,18113.0,4525.0,5.01,5.2,8.22,7.97
2023-01-10,29303.0,2956.0,16640.0,4625.0,4.94,4.96,8.07,7.98
2023-01-11,27641.0,2800.0,19454.0,5528.0,4.99,5.08,8.4,8.08
2023-01-12,33509.0,2963.0,17752.0,3612.0,5.02,5.28,8.06,7.64
2023-01-13,34885.0,2383.0,18986.0,4279.0,4.85,5.22,8.13,7.95
2023-01-14,34697.0,2649.0,16619.0,4412.0,5.17,5.07,8.24,8.01
2023-01-15,32148.0,3401.0,17193.0,3836.0,4.96,5.07,8.05,7.92
2023-01-16,28336.0,3626.0,18205.0,3753.0,5.01,5.17,8.14,7.89
2023-01-17,27739.0,2850.0,19163.0,5270.0,4.99,5.13,8.09,7.86
2023-01-18,26007.0,2738.0,18185.0,4866.0,5.03,5.09,8.1,8.02
2023-01-19,29593.0,4128.0,16967.0,3957.0,4.94,5.2,8.06,7.98
2023-01-20,36450.0,4120.0,18150.0,4297.0,5.24,5.23,8.15,8.31
2023-01-21,37855.0,3365.0,17734.0,4983.0,5.11,5.26,8.02,7.89
2023-01-22,36924.0,3907.0,18384.0,3310.0,5.1,5.15,7.97,8.12
2023-01-23,31018.0,2953.0,16482.0,4811.0,5.04,5.17,8.15,7.84
2023-01-24,28183.0,3203.0,17642.0,2704.0,5.16,5.06,7.95,8.01
2023-01-25,27421.0,2741.0,17172.0,4184.0,5.2,5.22,7.96,8.02
2023-01-26,30864.0,3275.0,18859.0,4825.0,5.02,5.14,8.0,8.01
2023-01-27,33441.0,4472.0,18729.0,4650.0,5.03,5.22,7.99,8.0
2023-01-28,35029.0,3907.0,19135.0,3558.0,5.05,5.05,8.33,8.1
2023-01-29,33269.0,3329.0,17432.0,3711.0,5.08,5.09,8.07,8.08
2023-01-30,31356.0,3369.0,17758.0,2962.0,4.86,5.03,7.98,7.68
2023-01-31,25942.0,3176.0,16541.0,4716.0,4.76,5.0,7.88,8.11
2023-02-01,26154.0,2999.0,17103.0,3853.0,5.04,5.03,8.02,8.13
2023-02-02,28706.0,4390.0,18307.0,3986.0,4.99,5.28,8.24,8.01
2023-02-03,33844.0,4490.0,18843.0,3131.0,5.21,5.14,7.97,8.0
2023-02-04,37882.0,2596.0,18690.0,5002.0,4.89,5.22,8.29,7.76
2023-02-05,33480.0,3767.0,17167.0,3512.0,5.11,5.15,8.19,8.23
2023-02-06,29203.0,2938.0,19640.0,2688.0,5.1,5.16,7.81,7.58
2023-02-07,25597.0,2589.0,17272.0,4720.0,5.09,5.19,8.12,8.13
2023-02-08,26453.0,3108.0,17753.0,4704.0,5.12,5.08,8.21,8.08
2023-02-09,29846.0,2705.0,17832.0,5076.0,5.07,5.1,8.07,7.94
2023-02-10,39619.0,3090.0,17305.0,4407.0,4.88,5.01,8.42,8.12
2023-02-11,34425.0,4179.0,19213.0,2960.0,5.13,5.09,8.21,8.09
2023-02-12,34237.0,2570.0,18129.0,3167.0,4.92,5.38,8.18,8.14
2023-02-13,29564.0,3039.0,16816.0,2534.0,5.04,5.09,8.33,7.87
2023-02-14,27064.0,2184.0,16697.0,3591.0,4.99,5.12,8.19,8.02
2023-02-15,28653.0,1625.0,17377.0,4193.0,5.15,5.12,8.35,7.98
2023-02-16,33473.0,2311.0,17795.0,4727.0,4.94,4.89,7.92,8.2
2023-02-17,38182.0,4015.0,17074.0,3422.0,5.06,5.27,8.18,8.33
2023-02-18,37672.0,3018.0,19315.0,4517.0,5.03,5.25,8.21,7.89
2023-02-19,32768.0,3828.0,17711.0,2473.0,5.09,5.18,8.38,8.13
2023-02-20,30192.0,3394.0,19178.0,3471.0,5.1,5.25,8.15,8.18
2023-02-21,23874.0,3585.0,17810.0,3896.0,5.03,5.09,8.07,8.06
2023-02-22,26728.0,3555.0,18519.0,4640.0,4.76,5.16,8.29,7.82
2023-02-23,31892.0,3607.0,18572.0,3208.0,5.03,5.1,8.2,8.11
2023-02-24,35593.0,4597.0,17970.0,3823.0,5.04,4.99,8.29,8.23
2023-02-25,36533.0,4036.0,18980.0,4579.0,5.14,5.33,8.18,8.01
2023-02-26,33001.0,3114.0,17825.0,4218.0,4.92,5.13,7.93,8.09
2023-02-27,29688.0,3536.0,19050.0,4242.0,5.12,5.25,8.0,8.12
2023-02-28,26547.0,2108.0,19040.0,4424.0,5.04,4.93,8.3,8.23
2023-03-01,25796.0,3362.0,17855.0,3531.0,5.09,5.17,8.49,8.16
2023-03-02,31676.0,4706.0,19396.0,4624.0,4.92,4.95,8.49,8.2
2023-03-03,34979.0,2910.0,19246.0,2668.0,5.04,5.3,8.21,8.25
2023-03-04,37077.0,4395.0,18167.0,4031.0,5.13,5.12,8.19,7.99
2023-03-05,34099.0,3759.0,18265.0,3113.0,4.92,5.19,8.21,8.15
2023-03-06,28919.0,3586.0,18452.0,4866.0,5.08,5.25,8.13,8.0
2023-03-07,28913.0,3489.0,18385.0,4217.0,5.14,5.35,8.16,7.94
2023-03-08,29093.0,3321.0,18274.0,4762.0,5.08,5.11,8.33,8.11
2023-03-09,32035.0,3908.0,18121.0,4084.0,5.08,5.11,8.12,7.96
2023-03-10,36000.0,3769.0,18554.0,4778.0,4.91,4.99,8.13,7.91
2023-03-11,41057.0,3725.0,18877.0,4787.0,5.05,5.04,8.52,8.01
2023-03-12,36851.0,4245.0,19625.0,3963.0,5.13,5.11,8.01,7.84
2023-03-13,31966.0,3177.0,17053.0,3524.0,5.04,5.26,7.98,8.0
2023-03-14,28554.0,3813.0,18673.0,3612.0,5.01,5.01,8.28,8.34
2023-03-15,31199.0,3130.0,18920.0,4767.0,5.11,5.21,8.3,7.88
2023-03-16,31592.0,2329.0,16789.0,3676.0,5.09,5.05,8.05,8.0
2023-03-17,37906.0,3459.0,18901.0,4407.0,5.23,5.09,7.88,7.59
2023-03-18,38835.0,3598.0,18066.0,5329.0,5.09,5.29,8.34,7.93
2023-03-19,37787.0,2840.0,19416.0,4892.0,4.94,5.35,8.11,8.22
2023-03-20,32973.0,3094.0,20017.0,4059.0,5.05,5.11,8.34,7.84
2023-03-21,32661.0,3188.0,19388.0,4939.0,5.25,5.0,8.51,8.11
2023-03-22,29895.0,4203.0,19093.0,2903.0,5.08,5.11,8.08,8.09
2023-03-23,35854.0,3368.0,20500.0,3597.0,5.23,5.13,8.3,7.82
2023-03-24,40344.0,5148.0,18498.0,5081.0,5.18,5.24,8.37,8.25
2023-03-25,40202.0,4884.0,18663.0,4422.0,5.12,4.99,8.24,7.79
2023-03-26,40059.0,3927.0,18654.0,4083.0,5.19,5.13,8.4,8.28
2023-03-27,36686.0,3412.0,19767.0,4106.0,5.02,5.25,7.85,8.08
2023-03-28,33129.0,3052.0,21335.0,3198.0,5.03,5.1,8.63,8.29
2023-03-29,34806.0,4087.0,18356.0,4266.0,5.13,5.06,8.35,8.04
2023-03-30,39826.0,3968.0,19905.0,4655.0,5.06,4.98,8.51,8.27
2023-03-31,46225.0,4911.0,20094.0,4218.0,5.05,5.22,8.32,8.24
2023-04-01,47933.0,4933.0,20701.0,3875.0,5.07,5.0,8.36,8.13
2023-04-02,46091.0,3827.0,20474.0,5209.0,5.39,5.32,8.57,7.71
2023-04-03,42171.0,4509.0,20905.0,4368.0,5.06,5.34,8.47,8.35
2023-04-04,39164.0,4384.0,20642.0,4460.0,5.22,5.33,8.32,8.25
2023-04-05,44184.0,4909.0,21020.0,4378.0,4.95,5.23,8.49,8.25
2023-04-06,46076.0,4391.0,21431.0,2870.0,5.17,5.14,8.28,7.98
2023-04-07,54582.0,4939.0,21570.0,4519.0,5.42,5.34,8.54,8.55
2023-04-08,60868.0,5871.0,21904.0,6804.0,5.37,5.19,8.29,8.1
2023-04-09,55278.0,6412.0,24488.0,5091.0,5.24,5.15,8.52,8.68
2023-04-10,30890.0,2928.0,17117.0,4968.0,5.1,5.01,8.28,8.0
2023-04-11,25373.0,3164.0,18089.0,3925.0,4.95,5.12,8.25,8.23
2023-04-12,28469.0,3328.0,18793.0,2691.0,5.04,5.23,8.31,7.92
2023-04-13,31400.0,3260.0,18507.0,4983.0,4.92,4.99,8.17,8.03
2023-04-14,36686.0,2949.0,18003.0,3702.0,5.0,5.13,8.16,8.18
2023-04-15,37317.0,4152.0,17025.0,4080.0,5.13,5.2,8.11,7.98
2023-04-16,36369.0,3608.0,19228.0,4094.0,5.03,5.2,7.7,8.08
2023-04-17,30100.0,3480.0,18528.0,5367.0,5.13,5.09,8.05,8.24
2023-04-18,27547.0,2927.0,17966.0,3264.0,5.07,5.17,8.12,7.83
2023-04-19,25796.0,3420.0,16674.0,3322.0,5.02,5.02,8.19,7.93
2023-04-20,32736.0,3928.0,17482.0,3692.0,5.07,4.95,7.98,8.22
2023-04-21,32852.0,3155.0,17713.0,3372.0,5.08,5.3,8.68,8.07
2023-04-22,38802.0,3864.0,18582.0,3596.0,5.14,5.29,8.26,7.94
2023-04-23,34994.0,3709.0,18975.0,3854.0,5.17,5.35,8.44,8.16
2023-04-24,32337.0,2932.0,18846.0,5032.0,5.09,5.11,8.09,8.22
2023-04-25,26197.0,3698.0,18755.0,1757.0,5.11,5.05,8.25,8.19
2023-04-26,27056.0,3019.0,15837.0,3579.0,5.27,5.16,8.04,7.99
2023-04-27,32805.0,3606.0,19068.0,2883.0,4.95,4.99,8.18,8.06
2023-04-28,36654.0,4638.0,17745.0,4283.0,5.05,4.93,8.4,8.02
2023-04-29,39146.0,3214.0,18532.0,3519.0,5.27,5.52,8.31,8.27
2023-04-30,34510.0,3550.0,17984.0,2848.0,5.06,5.06,8.2,7.95
2023-05-01,30594.0,3535.0,18304.0,3262.0,5.17,5.09,8.41,8.19
2023-05-02,27646.0,2654.0,16509.0,4189.0,5.06,5.29,8.0,8.07
2023-05-03,30994.0,2888.0,19013.0,3011.0,5.12,5.08,8.24,7.73
2023-05-04,31525.0,3258.0,17240.0,3599.0,5.15,5.12,8.03,8.36
2023-05-05,36648.0,4139.0,18504.0,3554.0,5.22,5.19,8.19,7.96
2023-05-06,38441.0,3680.0,18647.0,3627.0,5.18,5.17,8.08,8.14
2023-05-07,35582.0,3257.0,18368.0,4910.0,5.09,5.13,8.3,7.73
2023-05-08,33379.0,3800.0,18413.0,3639.0,5.16,5.0,8.14,8.05
2023-05-09,26650.0,3404.0,16966.0,3750.0,5.01,5.03,8.16,8.14
2023-05-10,24799.0,3941.0,17833.0,3580.0,5.13,5.25,8.08,8.09
2023-05-11,32849.0,3112.0,18496.0,4185.0,5.16,5.15,8.22,7.88
2023-05-12,37838.0,4209.0,17672.0,4305.0,5.1,5.25,8.08,8.08
2023-05-13,39806.0,4096.0,17507.0,4573.0,5.09,5.12,8.31,7.85
2023-05-14,36340.0,3674.0,18050.0,4535.0,5.06,5.22,8.27,8.2
2023-05-15,29923.0,3887.0,19128.0,5691.0,5.12,5.08,8.06,7.98
2023-05-16,27985.0,3665.0,17830.0,3761.0,4.93,5.2,8.4,8.12
2023-05-17,27739.0,1873.0,19242.0,3202.0,5.15,5.16,8.24,8.1
2023-05-18,32146.0,3383.0,17401.0,3737.0,4.89,5.25,8.35,7.96
2023-05-19,33851.0,3259.0,19001.0,4694.0,5.13,5.29,8.44,7.94
2023-05-20,39177.0,3402.0,18126.0,3925.0,5.1,5.37,8.19,7.92
2023-05-21,36805.0,3194.0,19642.0,4448.0,5.14,5.1,8.27,8.32
2023-05-22,30333.0,3485.0,16067.0,2697.0,5.06,5.3,7.82,8.35
2023-05-23,28923.0,2988.0,19636.0,5273.0,5.07,5.3,8.22,8.0
2023-05-24,26830.0,3627.0,17637.0,3292.0,5.01,5.21,8.36,8.29
2023-05-25,32258.0,2972.0,17951.0,3624.0,5.14,5.17,8.08,8.26
2023-05-26,38850.0,3350.0,17900.0,3770.0,5.03,5.25,8.19,8.22
2023-05-27,36642.0,4841.0,17841.0,4124.0,5.27,5.13,8.18,8.14
2023-05-28,35309.0,2570.0,17286.0,3440.0,5.12,5.26,8.3,7.92
2023-05-29,32553.0,3392.0,17365.0,4076.0,5.24,5.17,8.04,8.03
2023-05-30,25816.0,3417.0,17367.0,4627.0,5.09,5.13,8.31,8.03
2023-05-31,26894.0,2016.0,17458.0,3891.0,5.05,5.0,8.59,7.99
2023-06-01,30218.0,3311.0,17190.0,5190.0,5.2,5.11,8.27,7.83
2023-06-02,34658.0,3608.0,19039.0,5843.0,5.21,5.19,8.19,8.09
2023-06-03,39289.0,3771.0,17745.0,4387.0,5.27,5.25,8.26,7.93
2023-06-04,35809.0,4093.0,18078.0,4102.0,5.18,5.07,8.08,8.22
2023-06-05,31328.0,3398.0,18638.0,5328.0,5.19,5.11,8.22,7.87
2023-06-06,25779.0,3047.0,18084.0,4865.0,5.09,5.17,8.32,7.82
2023-06-07,27026.0,2528.0,18887.0,2783.0,5.07,5.01,8.39,8.21
2023-06-08,31440.0,2377.0,17925.0,3959.0,5.07,5.24,7.94,7.85
2023-06-09,38406.0,3253.0,17410.0,3905.0,5.14,5.22,8.27,7.78
2023-06-10,38023.0,3986.0,16044.0,5342.0,4.99,5.11,8.29,8.07
2023-06-11,34906.0,3103.0,18797.0,3636.0,5.14,5.17,8.23,7.95
2023-06-12,29934.0,4934.0,19159.0,4841.0,5.2,5.11,8.25,8.48
2023-06-13,25508.0,3769.0,18355.0,3701.0,5.2,5.1,8.35,7.91
2023-06-14,29061.0,3139.0,18562.0,4049.0,4.96,5.13,8.22,8.04
2023-06-15,30312.0,2671.0,18666.0,3650.0,5.1,5.22,8.32,8.31
2023-06-16,36384.0,3781.0,19138.0,3436.0,5.35,5.18,8.49,8.29
2023-06-17,36129.0,3695.0,17438.0,4404.0,5.24,5.15,8.5,7.77
2023-06-18,32698.0,2713.0,17557.0,4444.0,5.04,5.21,8.2,8.07
2023-06-19,28384.0,2975.0,17432.0,5012.0,5.25,5.41,8.29,8.22
2023-06-20,27036.0,2664.0,18741.0,4022.0,5.05,5.07,8.36,8.03
2023-06-21,28995.0,1922.0,17484.0,3928.0,5.23,5.22,8.05,8.2
2023-06-22,32375.0,3004.0,19247.0,3999.0,4.96,5.16,8.19,8.14
2023-06-23,35488.0,3532.0,18073.0,4808.0,5.18,5.11,8.23,8.09
2023-06-24,38177.0,3314.0,18145.0,4531.0,5.31,5.44,8.28,8.4
2023-06-25,38760.0,3702.0,18357.0,2980.0,5.1,5.21,8.45,8.5
2023-06-26,32817.0,3253.0,18497.0,3441.0,5.15,5.15,8.22,8.16
2023-06-27,30291.0,2736.0,20324.0,4214.0,5.08,5.19,8.08,8.27
2023-06-28,30631.0,2353.0,19515.0,3043.0,5.19,5.21,8.26,8.26
2023-06-29,32472.0,3070.0,19480.0,3803.0,5.11,5.28,8.67,8.21
2023-06-30,39709.0,3628.0,19928.0,5674.0,5.09,5.24,8.41,7.81
2023-07-01,39058.0,4181.0,20599.0,3953.0,5.21,5.32,8.45,8.13
2023-07-02,37633.0,4618.0,18920.0,3210.0,5.24,5.22,8.08,8.37
2023-07-03,32821.0,3452.0,17776.0,5434.0,5.18,5.39,8.45,8.04
2023-07-04,28671.0,4197.0,19217.0,3427.0,5.05,5.13,8.36,8.11
2023-07-05,31815.0,3247.0,20836.0,3631.0,5.15,5.22,8.57,8.03
2023-07-06,35916.0,3205.0,19137.0,4218.0,5.1,5.13,8.02,8.19
2023-07-07,38390.0,2398.0,18586.0,4666.0,5.3,5.34,8.3,8.17
2023-07-08,44579.0,5265.0,20919.0,3179.0,5.16,5.36,8.33,8.18
2023-07-09,40460.0,4122.0,18566.0,3791.0,5.27,5.16,8.22,8.27
2023-07-10,35216.0,3595.0,20158.0,4684.0,5.15,5.45,8.58,8.29
2023-07-11,34112.0,2642.0,21349.0,4706.0,5.1,5.24,8.36,7.9
2023-07-12,34974.0,2568.0,20156.0,4233.0,5.04,5.15,8.58,8.07
2023-07-13,36522.0,3598.0,20867.0,5013.0,5.29,5.18,8.7,8.45
2023-07-14,44044.0,4588.0,19446.0,5023.0,5.15,5.13,8.46,8.24
2023-07-15,42127.0,3157.0,21811.0,4461.0,5.04,5.29,8.63,8.21
2023-07-16,40183.0,4252.0,19392.0,4503.0,5.14,5.16,8.28,8.38
2023-07-17,35151.0,3951.0,21006.0,6438.0,5.04,5.2,8.64,8.19
2023-07-18,32952.0,3306.0,22059.0,4617.0,5.07,5.26,8.39,8.26
2023-07-19,35618.0,3232.0,21657.0,6204.0,5.18,5.21,8.52,8.33
2023-07-20,35946.0,4620.0,19873.0,3843.0,5.34,5.25,8.68,8.22
2023-07-21,42450.0,3661.0,20451.0,4711.0,5.27,5.37,8.18,8.61
2023-07-22,46311.0,5292.0,21169.0,3654.0,5.2,5.3,8.69,8.23
2023-07-23,43875.0,5038.0,21995.0,4531.0,5.04,5.23,8.34,7.79
2023-07-24,41501.0,3605.0,22802.0,4775.0,5.19,5.43,8.8,8.36
2023-07-25,34277.0,4229.0,21864.0,4668.0,5.38,5.16,8.4,8.24
2023-07-26,34357.0,3235.0,22109.0,3732.0,5.18,5.31,8.51,8.47
2023-07-27,40347.0,4147.0,22114.0,5181.0,5.25,5.12,8.41,8.21
2023-07-28,43119.0,4482.0,22334.0,5916.0,5.14,5.18,8.56,8.76
2023-07-29,45574.0,5517.0,21830.0,4981.0,5.31,5.23,8.54,8.33
2023-07-30,45023.0,4335.0,22722.0,6039.0,5.21,5.32,8.6,8.06
2023-07-31,41717.0,3196.0,21604.0,5080.0,5.26,5.11,8.74,8.18
2023-08-01,39299.0,3218.0,21201.0,4258.0,5.12,5.13,8.58,8.19
2023-08-02,37171.0,3642.0,21904.0,5013.0,5.2,5.08,8.48,8.55
2023-08-03,39167.0,4683.0,22570.0,4589.0,5.09,5.11,8.41,8.03
2023-08-04,44279.0,4059.0,21182.0,4756.0,5.11,5.25,8.38,8.53
2023-08-05,47898.0,4897.0,21166.0,4890.0,5.32,5.34,8.5,8.39
2023-08-06,44312.0,5199.0,23230.0,4874.0,5.28,5.39,8.45,8.45
2023-08-07,38706.0,3849.0,22394.0,3587.0,5.12,5.32,8.65,8.59
2023-08-08,36511.0,4168.0,21615.0,5931.0,5.28,5.26,8.39,8.19
2023-08-09,35069.0,3420.0,21574.0,3919.0,5.09,5.11,8.67,8.43
2023-08-10,39020.0,4289.0,22487.0,4319.0,5.3,5.25,8.58,8.05
2023-08-11,44082.0,5196.0,22633.0,4753.0,5.09,5.34,8.82,8.48
2023-08-12,43796.0,5035.0,21422.0,5628.0,5.18,5.29,8.45,8.47
2023-08-13,43159.0,4134.0,21030.0,4431.0,5.1,5.14,8.06,8.32
2023-08-14,36773.0,4474.0,21935.0,5665.0,5.14,5.14,8.36,8.41
2023-08-15,34949.0,4486.0,20025.0,5617.0,5.16,5.34,8.2,8.53
2023-08-16,34321.0,4404.0,21754.0,5037.0,5.28,5.37,8.15,8.17
2023-08-17,36663.0,2663.0,20396.0,3990.0,5.24,5.28,8.54,8.22
2023-08-18,40163.0,3536.0,19331.0,5557.0,5.2,5.26,8.38,8.12
2023-08-19,44093.0,5234.0,20893.0,4536.0,5.19,5.36,8.41,8.07
2023-08-20,41246.0,5135.0,21475.0,4985.0,5.13,5.16,8.8,8.08
2023-08-21,36016.0,2667.0,19207.0,4668.0,5.16,5.18,8.37,8.29
2023-08-22,30508.0,4288.0,20414.0,5890.0,5.2,5.31,8.53,7.95
2023-08-23,33248.0,3473.0,21583.0,5795.0,5.12,5.24,8.68,8.13
2023-08-24,37456.0,3793.0,21078.0,5616.0,5.21,5.08,8.35,8.09
2023-08-25,41749.0,3086.0,19941.0,5043.0,5.31,5.33,8.15,8.44
2023-08-26,42055.0,4612.0,19372.0,3732.0,5.17,5.21,8.51,8.33
2023-08-27,37854.0,4074.0,19855.0,3894.0,5.09,5.03,8.69,7.83
2023-08-28,32863.0,4142.0,19832.0,4461.0,5.1,5.18,8.28,8.34
2023-08-29,32057.0,2288.0,20653.0,3389.0,5.27,5.34,8.37,8.26
2023-08-30,31292.0,3953.0,19333.0,5454.0,5.21,5.36,8.11,8.09
2023-08-31,36231.0,3393.0,19584.0,2518.0,5.25,5.14,8.37,8.14
2023-09-01,39679.0,4260.0,20737.0,4272.0,5.0,5.25,8.51,8.29
2023-09-02,41573.0,4254.0,18226.0,4802.0,5.24,5.2,8.27,7.98
2023-09-03,39264.0,3067.0,19683.0,3349.0,5.24,5.32,8.53,8.27
2023-09-04,34003.0,2879.0,18434.0,6266.0,5.13,5.42,8.58,8.25
2023-09-05,31026.0,3435.0,19631.0,3678.0,5.14,5.29,8.2,8.09
2023-09-06,30643.0,4175.0,19026.0,4705.0,5.15,5.25,8.21,8.29
2023-09-07,34069.0,3847.0,20880.0,4994.0,5.3,5.23,8.44,8.54
2023-09-08,37767.0,3703.0,19889.0,4838.0,5.02,5.06,8.26,8.29
2023-09-09,41459.0,3857.0,20823.0,5197.0,5.19,5.35,8.52,8.24
2023-09-10,39217.0,3253.0,19889.0,4290.0,5.23,5.39,8.45,8.25
2023-09-11,34600.0,3140.0,18965.0,5003.0,5.16,5.25,8.2,8.47
2023-09-12,30705.0,4143.0,18475.0,4373.0,5.18,5.06,8.71,8.13
2023-09-13,29877.0,3132.0,20827.0,5429.0,5.3,5.24,8.57,8.17
2023-09-14,37291.0,3975.0,19361.0,4325.0,5.11,5.27,8.46,8.22
2023-09-15,39490.0,4295.0,17677.0,4534.0,5.01,5.24,8.54,8.14
2023-09-16,39020.0,4540.0,19590.0,4991.0,5.33,5.49,8.05,8.22
2023-09-17,37615.0,3432.0,19433.0,3887.0,5.16,5.38,8.75,8.13
2023-09-18,34290.0,3438.0,20189.0,3793.0,5.2,5.27,8.16,8.38
2023-09-19,29044.0,2454.0,19445.0,6459.0,4.98,5.26,8.53,8.17
2023-09-20,32929.0,3079.0,20630.0,4243.0,5.15,5.32,8.17,8.27
2023-09-21,34284.0,2449.0,20408.0,4758.0,5.32,5.26,8.54,8.38
2023-09-22,39414.0,3732.0,19986.0,4227.0,5.23,5.14,8.56,8.48
2023-09-23,41017.0,3687.0,18240.0,5475.0,5.28,5.46,8.23,8.34
2023-09-24,39033.0,5740.0,19288.0,4146.0,5.13,5.1,8.54,8.26
2023-09-25,37190.0,3572.0,20003.0,5623.0,5.11,5.4,8.71,8.26
2023-09-26,30801.0,2903.0,19675.0,5095.0,5.09,5.31,8.8,8.24
2023-09-27,31204.0,3622.0,19123.0,4219.0,5.15,5.35,8.59,8.03
2023-09-28,33372.0,3673.0,20833.0,5242.0,5.2,5.24,8.69,8.09
2023-09-29,36654.0,3972.0,19344.0,3606.0,5.21,5.18,8.8,8.32
2023-09-30,39187.0,4888.0,19448.0,5005.0,5.2,5.35,8.26,8.42
2023-10-01,37773.0,3350.0,21226.0,5205.0,5.14,5.3,8.58,8.44
2023-10-02,36421.0,3997.0,18993.0,4672.0,5.42,5.38,8.56,8.26
2023-10-03,29902.0,4597.0,19831.0,4571.0,5.26,5.0,8.71,8.21
2023-10-04,30142.0,2281.0,21469.0,4735.0,5.12,5.36,8.19,8.36
2023-10-05,34910.0,3419.0,19645.0,5036.0,5.29,5.14,8.44,8.21
2023-10-06,40324.0,4094.0,19539.0,3234.0,5.21,5.33,8.4,8.14
2023-10-07,42288.0,3636.0,18998.0,5969.0,5.04,5.49,8.46,7.96
2023-10-08,37604.0,3661.0,20730.0,4446.0,5.48,5.34,8.37,8.44
2023-10-09,35776.0,4612.0,20530.0,4800.0,5.26,5.35,8.56,8.48
2023-10-10,32690.0,3778.0,20872.0,5040.0,5.24,5.29,8.63,8.48
2023-10-11,35899.0,3701.0,20804.0,3873.0,5.2,5.39,8.68,8.46
2023-10-12,34659.0,4120.0,20886.0,6010.0,5.25,5.19,8.83,8.43
2023-10-13,40446.0,3921.0,19424.0,4737.0,5.15,5.53,8.61,8.38
2023-10-14,42006.0,4453.0,21963.0,4627.0,5.24,5.26,8.47,8.38
2023-10-15,40349.0,3598.0,22161.0,6023.0,5.32,5.5,8.34,8.19
2023-10-16,34929.0,4444.0,21772.0,4223.0,5.33,5.27,8.56,8.68
2023-10-17,34944.0,3149.0,21322.0,5955.0,5.32,5.32,8.49,8.33
2023-10-18,33352.0,2695.0,20268.0,5138.0,5.32,5.32,8.37,8.4
2023-10-19,37357.0,4242.0,22565.0,5399.0,5.28,5.17,8.57,8.52
2023-10-20,42475.0,4557.0,22334.0,4597.0,5.05,5.41,8.87,8.43
2023-10-21,41290.0,4473.0,23231.0,5422.0,5.21,5.56,8.45,8.28
2023-10-22,44733.0,4069.0,22238.0,6048.0,5.17,5.39,8.57,8.48
2023-10-23,41402.0,2820.0,22892.0,5319.0,5.31,5.4,8.86,8.33
2023-10-24,38538.0,3640.0,23495.0,6379.0,5.33,5.35,8.55,8.57
2023-10-25,37525.0,4251.0,22110.0,4392.0,5.26,5.38,8.65,8.35
2023-10-26,42974.0,3562.0,23646.0,6161.0,5.3,5.31,8.66,8.54
2023-10-27,46943.0,4819.0,23523.0,5672.0,5.13,5.29,8.64,8.61
2023-10-28,49189.0,5525.0,24146.0,6129.0,5.37,5.29,8.35,8.67
2023-10-29,45109.0,4204.0,25694.0,4754.0,5.25,5.2,8.86,8.42
2023-10-30,41867.0,4376.0,25087.0,5116.0,5.21,5.45,8.6,8.76
2023-10-31,40020.0,4996.0,24709.0,5251.0,5.38,5.34,9.14,8.83
2023-11-01,37115.0,5015.0,23787.0,5040.0,5.32,5.29,8.88,8.39
2023-11-02,46116.0,4036.0,25056.0,5519.0,5.28,5.46,8.76,8.6
2023-11-03,47053.0,4627.0,23912.0,5838.0,5.27,5.21,8.85,8.53
2023-11-04,50314.0,5832.0,24948.0,5413.0,5.25,5.33,8.93,8.59
2023-11-05,49267.0,5074.0,27926.0,5414.0,5.35,5.37,8.83,8.92
2023-11-06,46881.0,4714.0,27059.0,6406.0,5.09,5.42,9.2,8.94
2023-11-07,40673.0,5425.0,26504.0,5595.0,5.21,5.14,8.87,8.72
2023-11-08,40815.0,4465.0,26141.0,5593.0,5.1,5.29,8.9,8.57
2023-11-09,47497.0,5681.0,26320.0,6513.0,5.29,5.54,9.08,8.56
2023-11-10,51473.0,4477.0,26449.0,6627.0,5.42,5.49,8.93,8.94
2023-11-11,53170.0,5448.0,26855.0,6914.0,5.54,5.3,8.89,8.51
2023-11-12,52288.0,4806.0,29288.0,7346.0,5.21,5.48,8.61,8.65
2023-11-13,51196.0,4649.0,29131.0,5153.0,5.25,5.37,9.2,8.86
2023-11-14,44926.0,4905.0,29317.0,7944.0,5.42,5.19,9.16,8.61
2023-11-15,48110.0,4973.0,30433.0,5911.0,5.26,5.35,9.05,8.88
2023-11-16,53374.0,4715.0,29594.0,6855.0,5.1,5.4,9.32,8.5
2023-11-17,55453.0,6161.0,31417.0,7302.0,5.33,5.37,9.14,9.08
2023-11-18,59005.0,4975.0,30606.0,6799.0,5.19,5.42,9.19,8.89
2023-11-19,58051.0,6941.0,30766.0,8450.0,5.5,5.4,9.17,9.19
2023-11-20,56600.0,5965.0,32710.0,6687.0,5.38,5.14,9.04,9.25
2023-11-21,52546.0,4764.0,31857.0,6472.0,5.33,5.36,9.66,8.85
2023-11-22,56066.0,4746.0,32858.0,7916.0,5.51,5.35,8.89,8.96
2023-11-23,61972.0,6769.0,33450.0,7114.0,5.31,5.34,9.08,8.93
2023-11-24,63852.0,5454.0,35542.0,6955.0,5.15,5.42,9.0,9.19
2023-11-25,65915.0,6620.0,34753.0,7684.0,5.47,5.53,9.03,9.45
2023-11-26,67466.0,6378.0,35910.0,7448.0,5.38,5.63,9.27,9.35
2023-11-27,64442.0,6547.0,34299.0,7171.0,5.3,5.32,9.27,8.94
2023-11-28,59803.0,6373.0,37729.0,7663.0,5.14,5.44,9.53,9.47
2023-11-29,62234.0,5963.0,37026.0,9524.0,5.26,5.52,9.33,9.54
2023-11-30,63259.0,8032.0,37686.0,8060.0,5.21,5.42,9.64,9.64
2023-12-01,74936.0,7477.0,38538.0,8659.0,5.44,5.57,9.71,9.24
2023-12-02,76936.0,7671.0,39898.0,9951.0,5.44,5.54,9.44,9.65
2023-12-03,72939.0,8344.0,40205.0,10385.0,5.32,5.52,9.45,9.58
2023-12-04,74162.0,7742.0,41023.0,8803.0,5.64,5.57,9.67,9.6
2023-12-05,69316.0,7711.0,40755.0,9368.0,5.37,5.31,10.01,9.42
2023-12-06,72491.0,7826.0,43633.0,10934.0,5.33,5.4,9.93,9.34
2023-12-07,76847.0,7109.0,43797.0,9232.0,5.52,5.45,9.71,9.57
2023-12-08,82285.0,7937.0,44711.0,9529.0,5.49,5.58,9.91,9.96
2023-12-09,88932.0,8935.0,47236.0,9643.0,5.45,5.5,9.68,9.54
2023-12-10,88307.0,8440.0,46886.0,9800.0,5.65,5.52,10.06,9.8
2023-12-11,84746.0,9057.0,48752.0,10936.0,5.37,5.62,9.99,9.57
2023-12-12,80818.0,8745.0,48407.0,10284.0,5.28,5.62,10.16,9.99
2023-12-13,84246.0,9049.0,51355.0,10879.0,5.52,5.61,10.25,9.6
2023-12-14,88664.0,8930.0,50135.0,11604.0,5.52,5.35,10.05,9.59
2023-12-15,98209.0,8820.0,52799.0,11933.0,5.53,5.47,10.56,9.76
2023-12-16,102590.0,9744.0,55970.0,12754.0,5.65,5.72,10.42,10.35
2023-12-17,102487.0,9577.0,52323.0,12996.0,5.59,5.57,10.52,10.32
2023-12-18,101065.0,10005.0,57319.0,12533.0,5.52,5.71,10.46,10.16
2023-12-19,98775.0,10460.0,57868.0,14150.0,5.56,5.78,10.33,10.16
2023-12-20,101653.0,10634.0,60543.0,14876.0,5.54,5.39,10.87,10.07
2023-12-21,106034.0,10473.0,60529.0,14960.0,5.6,5.75,10.43,10.49
2023-12-22,112659.0,12145.0,62953.0,14390.0,5.91,5.69,10.56,10.43
2023-12-23,119034.0,12331.0,65528.0,14563.0,5.64,5.72,10.3,10.29
2023-12-24,122174.0,11427.0,66928.0,15091.0,5.84,5.79,10.63,10.87
2023-12-25,118326.0,12603.0,68042.0,14889.0,5.69,5.76,10.51,10.38
2023-12-26,55596.0,6002.0,32832.0,8242.0,5.48,5.59,9.32,9.21
2023-12-27,56815.0,6057.0,34704.0,6911.0,5.57,5.5,9.35,9.34
2023-12-28,61164.0,6002.0,36783.0,7914.0,5.34,5.48,9.52,9.47
2023-12-29,66071.0,7099.0,34467.0,8883.0,5.39,5.57,9.35,9.06
2023-12-30,70802.0,6833.0,36171.0,7586.0,5.38,5.53,9.6,9.27
2023-12-31,69236.0,6985.0,35282.0,7016.0,5.39,5.42,9.3,9.38
